,Player,Team,Pos,Age,G,GS,Cmp,Pass Att,Pass Y,Pass TD,Int,Rush Att,Rush Y,Y/A,Rush TD,Tgt,Rec,Rec Y,Y/R,Rec TD,Fmb,FL,TD,2PM,2PP,Points,PosRank,OvRank,Pts/G,Rec/Tgt,Pts/Tgt,Touches
0,Jonathan Taylor,IND,RB,22,17,17,0,0,0,0,0,332,1811,5.45,18,51,40,360,9.0,2,4,2,20,0,0,373.1,1,1,21.9,0.7843137254901961,7.315686274509805,372
1,Cooper Kupp,LAR,WR,28,17,17,0,1,0,0,0,4,18,4.5,0,191,145,1947,13.43,16,0,0,16,1,0,439.5,1,2,25.9,0.7591623036649214,2.3010471204188483,149
2,Deebo Samuel,SFO,WR,25,16,15,1,2,24,1,0,59,365,6.19,8,121,77,1405,18.25,6,4,2,14,0,0,339.0,2,3,21.2,0.6363636363636364,2.8016528925619837,136
3,Josh Allen,BUF,QB,25,17,17,409,646,4407,36,15,122,763,6.25,6,0,0,0,0.0,0,8,3,6,2,1,402.6,1,4,23.7,,inf,122
4,Austin Ekeler,LAC,RB,26,16,16,0,0,0,0,0,206,911,4.42,12,94,70,647,9.24,8,4,3,20,2,0,343.8,2,5,21.5,0.7446808510638298,3.6574468085106386,276
5,Justin Herbert,LAC,QB,23,17,17,443,672,5014,38,15,63,302,4.79,3,0,0,0,0.0,0,1,1,3,1,5,380.8,2,6,22.4,,inf,63
6,Tom Brady,TAM,QB,44,17,17,485,719,5316,43,12,28,81,2.89,2,0,0,0,0.0,0,4,3,2,0,0,374.7,3,7,22.0,,inf,28
7,Mark Andrews,BAL,TE,26,17,9,0,0,0,0,0,1,0,0.0,0,153,107,1361,12.72,9,1,0,9,2,0,301.1,1,8,17.7,0.6993464052287581,1.9679738562091504,108
8,Ja'Marr Chase,CIN,WR,21,17,17,0,0,0,0,0,7,21,3.0,0,128,81,1455,17.96,13,2,1,13,0,0,304.6,3,9,17.9,0.6328125,2.3796875,88
9,Justin Jefferson,MIN,WR,22,17,17,2,4,35,0,0,6,14,2.33,0,167,108,1616,14.96,10,1,1,10,0,0,330.4,4,10,19.4,0.6467065868263473,1.978443113772455,114
10,Joe Mixon,CIN,RB,25,16,16,0,0,0,0,0,292,1205,4.13,13,48,42,314,7.48,3,2,1,16,0,0,287.9,3,11,18.0,0.875,5.997916666666666,334
11,Davante Adams,GNB,WR,29,16,16,0,0,0,0,0,0,0,0.0,0,169,123,1553,12.63,11,0,0,11,0,0,344.3,5,12,21.5,0.727810650887574,2.0372781065088756,123
12,Patrick Mahomes,KAN,QB,26,17,17,436,658,4839,37,13,66,381,5.77,2,0,0,0,0.0,0,9,4,2,1,1,361.7,4,13,21.3,,inf,66
13,Najee Harris,PIT,RB,23,17,17,0,0,0,0,0,307,1200,3.91,7,94,74,467,6.31,3,0,0,10,0,0,300.7,4,14,17.7,0.7872340425531915,3.198936170212766,381
14,Travis Kelce,KAN,TE,32,16,16,0,0,0,0,0,2,3,1.5,1,134,92,1125,12.23,9,1,1,10,0,0,262.8,2,15,16.4,0.6865671641791045,1.9611940298507464,94
15,James Conner,ARI,RB,26,15,6,0,0,0,0,0,202,752,3.72,15,39,37,375,10.14,3,2,0,18,0,0,257.7,5,16,17.2,0.9487179487179487,6.607692307692307,239
16,Mike Evans,TAM,WR,28,16,16,0,0,0,0,0,1,10,10.0,0,114,74,1035,13.99,14,0,0,14,0,0,262.5,6,17,16.4,0.6491228070175439,2.3026315789473686,75
17,Aaron Rodgers,GNB,QB,38,16,16,366,531,4115,37,4,33,101,3.06,3,1,1,-4,-4.0,0,3,0,3,0,0,333.3,5,18,20.8,1.0,333.3,34
18,Tyreek Hill,KAN,WR,27,17,16,0,0,0,0,0,9,96,10.67,0,159,111,1239,11.16,9,2,1,9,0,0,296.5,7,19,17.4,0.6981132075471698,1.8647798742138364,120
19,Matthew Stafford,LAR,QB,33,17,17,404,601,4886,41,17,32,43,1.34,0,0,0,0,0.0,0,5,2,0,0,2,329.7,6,20,19.4,,inf,32
20,Stefon Diggs,BUF,WR,28,17,17,0,0,0,0,0,0,0,0.0,0,164,103,1225,11.89,10,1,0,10,0,0,285.5,8,21,16.8,0.6280487804878049,1.7408536585365855,103
21,Ezekiel Elliott,DAL,RB,26,17,17,1,1,4,0,0,237,1002,4.23,10,65,47,287,6.11,2,1,1,12,3,0,252.1,6,22,14.8,0.7230769230769231,3.878461538461538,284
22,Dak Prescott,DAL,QB,28,16,16,410,596,4449,37,10,48,146,3.04,1,0,0,0,0.0,0,14,6,1,1,2,320.6,7,23,20.0,,inf,48
23,Nick Chubb,CLE,RB,26,14,14,0,0,0,0,0,228,1259,5.52,8,25,20,174,8.7,1,2,1,9,0,0,215.3,7,24,15.4,0.8,8.612,248
24,Mike Williams,LAC,WR,27,16,14,0,0,0,0,0,0,0,0.0,0,129,76,1146,15.08,9,0,0,9,1,0,246.6,9,25,15.4,0.5891472868217055,1.9116279069767441,76
25,D.K. Metcalf,SEA,WR,24,17,17,0,0,0,0,0,1,6,6.0,0,129,75,967,12.89,12,1,0,12,0,0,244.3,10,26,14.4,0.5813953488372093,1.8937984496124032,76
26,Tyler Lockett,SEA,WR,29,16,16,0,0,0,0,0,2,9,4.5,0,107,73,1175,16.1,8,0,0,8,1,0,241.4,11,27,15.1,0.6822429906542056,2.25607476635514,75
27,Damien Harris,NWE,RB,24,15,15,0,0,0,0,0,202,929,4.6,15,21,18,132,7.33,0,2,2,15,0,0,210.1,8,28,14.0,0.8571428571428571,10.004761904761905,220
28,Joe Burrow,CIN,QB,25,16,16,366,520,4611,34,14,40,118,2.95,2,0,0,0,0.0,0,5,2,2,0,1,314.2,8,29,19.6,,inf,40
29,Diontae Johnson,PIT,WR,25,16,14,0,0,0,0,0,5,53,10.6,0,169,107,1161,10.85,8,2,2,8,1,0,274.4,12,30,17.2,0.6331360946745562,1.6236686390532542,112
30,Jalen Hurts,PHI,QB,23,15,15,265,432,3144,16,9,139,784,5.64,10,1,0,0,0.0,0,9,2,10,0,3,312.2,9,31,20.8,0.0,312.2,139
31,Alvin Kamara,NOR,RB,26,13,10,0,0,0,0,0,240,898,3.74,4,67,47,439,9.34,5,0,0,9,0,0,234.7,9,32,18.1,0.7014925373134329,3.5029850746268654,287
32,Antonio Gibson ,WAS,RB,23,16,14,0,0,0,0,0,258,1037,4.02,7,52,42,294,7.0,3,6,4,10,1,0,229.1,10,33,14.3,0.8076923076923077,4.405769230769231,300
33,Leonard Fournette,TAM,RB,26,14,13,0,1,0,0,0,180,812,4.51,8,84,69,454,6.58,2,1,0,10,0,0,255.6,11,34,18.3,0.8214285714285714,3.0428571428571427,249
34,Dalton Schultz,DAL,TE,25,17,15,0,0,0,0,0,0,0,0.0,0,104,78,808,10.36,8,0,0,8,1,0,208.8,3,35,12.3,0.75,2.0076923076923077,78
35,Cordarrelle Patterson,ATL,RB,30,16,13,0,1,0,0,0,153,618,4.04,6,69,52,548,10.54,5,2,0,11,0,0,234.6,12,36,14.7,0.7536231884057971,3.4,205
36,George Kittle,SFO,TE,28,14,14,0,0,0,0,0,3,20,6.67,0,94,71,910,12.82,6,2,1,6,0,0,198.0,4,37,14.1,0.7553191489361702,2.106382978723404,74
37,Hunter Renfrow,LVR,WR,26,17,9,0,0,0,0,0,3,3,1.0,0,128,103,1038,10.08,9,5,1,9,0,0,259.1,13,38,15.2,0.8046875,2.02421875,106
38,CeeDee Lamb,DAL,WR,22,16,13,0,0,0,0,0,9,76,8.44,0,120,79,1102,13.95,6,0,0,6,0,0,232.8,14,39,14.6,0.6583333333333333,1.9400000000000002,88
39,Kyler Murray,ARI,QB,24,14,14,333,481,3787,24,10,88,423,4.81,5,0,0,7,0.0,0,13,0,5,0,0,300.5,10,40,21.5,,inf,88
40,Kirk Cousins,MIN,QB,33,16,16,372,561,4221,33,7,29,115,3.97,1,0,0,0,0.0,0,12,2,1,0,0,300.3,11,41,18.8,,inf,29
41,Aaron Jones,GNB,RB,27,15,15,0,0,0,0,0,171,799,4.67,4,65,52,391,7.52,6,2,1,10,0,0,229.0,13,42,15.3,0.8,3.523076923076923,223
42,Keenan Allen,LAC,WR,29,16,16,0,1,0,0,0,0,0,0.0,0,157,106,1138,10.74,6,1,0,6,0,1,257.8,15,43,16.1,0.6751592356687898,1.6420382165605096,106
43,Derrick Henry ,TEN,RB,27,8,8,1,1,5,1,0,219,937,4.28,10,20,18,154,8.56,0,1,0,10,1,0,193.3,14,44,24.2,0.9,9.665000000000001,237
44,Michael Pittman Jr.,IND,WR,24,17,17,0,0,0,0,0,5,44,8.8,0,129,88,1082,12.3,6,1,0,6,1,0,238.6,16,45,14.0,0.6821705426356589,1.8496124031007752,93
45,Dalvin Cook,MIN,RB,26,13,13,0,0,0,0,0,249,1159,4.65,6,49,34,224,6.59,0,3,2,6,1,0,206.3,15,46,15.9,0.6938775510204082,4.210204081632654,283
46,Josh Jacobs,LVR,RB,23,15,14,0,0,0,0,0,217,872,4.02,9,64,54,348,6.44,0,2,2,9,0,0,226.0,16,47,15.1,0.84375,3.53125,271
47,Rob Gronkowski,TAM,TE,32,12,12,0,0,0,0,0,0,0,0.0,0,89,55,802,14.58,6,0,0,6,0,0,171.2,5,48,14.3,0.6179775280898876,1.9235955056179774,55
48,Tee Higgins,CIN,WR,22,14,14,0,0,0,0,0,0,0,0.0,0,110,74,1091,14.74,6,1,1,6,1,0,219.1,17,49,15.6,0.6727272727272727,1.9918181818181817,74
49,Dawson Knox,BUF,TE,25,15,14,0,0,0,0,0,0,4,0.0,0,71,49,587,11.98,9,0,0,9,0,1,164.1,6,50,10.9,0.6901408450704225,2.3112676056338026,49
50,D.J. Moore,CAR,WR,24,17,17,0,0,0,0,0,8,48,6.0,0,163,93,1157,12.44,4,1,1,4,1,0,237.5,18,51,14.0,0.5705521472392638,1.4570552147239264,101
51,Chris Godwin,TAM,WR,25,14,14,0,0,0,0,0,4,21,5.25,1,127,98,1103,11.26,5,2,2,6,0,0,242.4,19,52,17.3,0.7716535433070866,1.9086614173228347,102
52,Hunter Henry,NWE,TE,27,17,10,0,0,0,0,0,0,0,0.0,0,75,50,603,12.06,9,0,0,9,0,0,164.3,7,53,9.7,0.6666666666666666,2.190666666666667,50
53,Melvin Gordon,DEN,RB,28,16,16,0,0,0,0,0,203,918,4.52,8,38,28,213,7.61,2,3,3,10,0,0,195.1,17,54,12.2,0.7368421052631579,5.13421052631579,231
54,Jaylen Waddle,MIA,WR,23,16,16,0,0,0,0,0,2,3,1.5,1,140,104,1015,9.76,6,2,1,7,0,0,245.8,21,55,15.4,0.7428571428571429,1.7557142857142858,106
55,Brandin Cooks,HOU,WR,28,16,16,0,0,0,0,0,2,21,10.5,0,134,90,1037,11.52,6,0,0,6,0,0,231.8,20,56,14.5,0.6716417910447762,1.7298507462686568,92
56,Dallas Goedert,PHI,TE,26,15,14,0,0,0,0,0,0,0,0.0,0,76,56,830,14.82,4,1,0,4,1,0,165.0,8,57,11.0,0.7368421052631579,2.1710526315789473,56
57,Darnell Mooney,CHI,WR,24,17,14,0,0,0,0,0,6,32,5.33,1,140,81,1055,13.02,4,0,0,5,0,0,219.7,22,58,12.9,0.5785714285714286,1.5692857142857142,87
58,Kyle Pitts,ATL,TE,21,17,15,0,0,0,0,0,0,0,0.0,0,110,68,1026,15.09,1,0,0,1,0,0,176.6,9,59,10.4,0.6181818181818182,1.6054545454545455,68
59,Javonte Williams,DEN,RB,21,17,1,0,0,0,0,0,203,903,4.45,4,53,43,316,7.35,3,2,1,7,0,0,204.9,18,60,12.1,0.8113207547169812,3.8660377358490567,246
60,Amon-Ra St. Brown,DET,WR,22,17,9,0,0,0,0,0,7,61,8.71,1,119,90,912,10.13,5,0,0,6,2,0,227.3,23,61,13.4,0.7563025210084033,1.9100840336134455,97
61,Zach Ertz,2TM,TE,31,17,14,0,0,0,0,0,1,4,4.0,0,112,74,763,10.31,5,0,0,5,0,0,180.7,10,62,10.6,0.6607142857142857,1.613392857142857,75
62,Terry McLaurin,WAS,WR,26,17,17,0,0,0,0,0,1,12,12.0,0,130,77,1053,13.68,5,0,0,5,0,0,213.5,24,63,12.6,0.5923076923076923,1.6423076923076922,78
63,Marquise Brown,BAL,WR,24,16,16,0,0,0,0,0,1,5,5.0,0,146,91,1008,11.08,6,3,1,6,0,0,226.3,25,64,14.1,0.6232876712328768,1.55,92
64,Amari Cooper,DAL,WR,27,15,14,0,0,0,0,0,0,0,0.0,0,104,68,865,12.72,8,1,0,8,0,0,202.5,26,65,13.5,0.6538461538461539,1.9471153846153846,68
65,Devin Singletary,BUF,RB,24,17,16,0,0,0,0,0,188,870,4.63,7,50,40,228,5.7,1,5,0,8,0,0,197.8,19,66,11.6,0.8,3.9560000000000004,228
66,Adam Thielen,MIN,WR,31,13,13,0,0,0,0,0,1,2,2.0,0,95,67,726,10.84,10,1,0,10,0,0,199.8,27,67,15.4,0.7052631578947368,2.1031578947368423,68
67,Christian Kirk,ARI,WR,25,17,11,1,1,33,0,0,1,11,11.0,0,103,77,982,12.75,5,0,0,5,0,0,207.6,28,68,12.2,0.7475728155339806,2.015533980582524,78
68,David Montgomery,CHI,RB,24,13,13,0,1,0,0,1,225,849,3.77,7,51,42,301,7.17,0,1,1,7,0,0,195.0,20,69,15.0,0.8235294117647058,3.823529411764706,267
69,AJ Dillon ,GNB,RB,23,17,2,0,0,0,0,0,187,803,4.29,5,37,34,313,9.21,2,2,1,7,0,0,185.6,21,70,10.9,0.918918918918919,5.0162162162162165,221
70,Kendrick Bourne,NWE,WR,26,17,5,1,1,25,1,0,12,125,10.42,0,70,55,800,14.55,5,1,1,5,0,0,180.5,29,71,10.6,0.7857142857142857,2.5785714285714287,67
71,Darrel Williams,KAN,RB,26,17,7,0,0,0,0,0,144,558,3.88,6,57,47,452,9.62,2,0,0,8,0,0,196.0,22,72,11.5,0.8245614035087719,3.43859649122807,191
72,D'Andre Swift,DET,RB,22,13,4,0,1,0,0,0,151,617,4.09,5,78,62,452,7.29,2,2,1,7,0,0,208.9,23,73,16.1,0.7948717948717948,2.6782051282051285,213
73,Mike Gesicki,MIA,TE,26,17,9,0,1,0,0,0,0,0,0.0,0,112,73,780,10.68,2,0,0,2,1,0,165.0,11,74,9.7,0.6517857142857143,1.4732142857142858,73
74,Nick Ralston,DAL,0,25,4,0,0,0,0,0,0,0,0,0.0,0,0,0,0,0.0,0,0,0,0,0,0,0.0,2,75,0.0,,,0
75,Elijah Mitchell,SFO,RB,23,11,10,0,0,0,0,0,207,963,4.65,5,20,19,137,7.21,1,0,0,6,0,0,165.0,24,76,15.0,0.95,8.25,226
76,Tory Carter,TEN,0,22,8,2,0,0,0,0,0,0,0,0.0,0,0,0,0,0.0,0,0,0,0,0,0,0.0,1,77,0.0,,,0
77,Ryan Tannehill,TEN,QB,33,17,17,357,531,3734,21,14,55,270,4.91,7,0,0,0,0.0,0,10,4,7,0,1,268.4,12,78,15.8,,inf,55
78,Carson Wentz,IND,QB,29,17,17,322,516,3563,27,7,57,215,3.77,1,0,0,0,0.0,0,8,5,1,0,2,258.0,13,0,15.2,,inf,57
79,Derek Carr,LVR,QB,30,17,17,428,626,4804,23,14,40,108,2.7,0,0,0,0,0.0,0,13,5,0,0,0,257.0,14,0,15.1,,inf,40
80,Russell Wilson,SEA,QB,33,14,14,259,400,3113,25,6,43,183,4.26,2,0,0,0,0.0,0,6,1,2,0,1,242.8,15,0,17.3,,inf,43
81,Lamar Jackson,BAL,QB,24,12,12,246,382,2882,16,13,133,767,5.77,2,0,0,0,0.0,0,6,3,2,0,2,240.0,16,0,20.0,,inf,133
82,Jimmy Garoppolo,SFO,QB,30,15,15,301,441,3810,20,12,38,51,1.34,3,0,0,0,0.0,0,8,3,3,0,1,227.5,17,0,15.2,,inf,38
83,Mac Jones,NWE,QB,23,17,17,352,521,3801,22,13,44,129,2.93,0,0,0,0,0.0,0,7,3,0,0,2,224.9,18,0,13.2,,inf,44
84,Matt Ryan,ATL,QB,36,17,17,375,560,3968,20,12,40,82,2.05,1,0,0,0,0.0,0,11,4,1,1,0,222.9,19,0,13.1,,inf,40
85,Taylor Heinicke,WAS,QB,28,16,15,321,494,3419,20,15,60,313,5.22,1,1,1,-2,-2.0,0,7,2,1,1,0,222.9,20,0,13.9,1.0,222.9,61
86,Ben Roethlisberger,PIT,QB,39,16,16,390,605,3740,22,10,20,5,0.25,1,0,0,0,0.0,0,11,5,1,0,2,218.1,21,0,13.6,,inf,20
87,Teddy Bridgewater,DEN,QB,29,14,14,285,426,3052,18,7,30,106,3.53,2,0,0,0,0.0,0,1,1,2,0,1,202.7,22,0,14.5,,inf,30
88,Trevor Lawrence,JAX,QB,22,17,17,359,602,3641,12,17,73,334,4.58,2,0,0,0,0.0,0,9,5,2,0,2,199.0,23,0,11.7,,inf,73
89,Jared Goff,DET,QB,27,14,14,332,494,3245,19,8,17,87,5.12,0,0,0,0,0.0,0,9,6,0,0,4,194.5,24,0,13.9,,inf,17
90,Baker Mayfield,CLE,QB,26,14,14,253,418,3010,17,13,37,134,3.62,1,0,0,11,0.0,0,6,3,1,0,2,180.9,26,0,12.9,,inf,37
91,Tua Tagovailoa,MIA,QB,23,13,12,263,388,2653,16,10,42,128,3.05,3,0,0,0,0.0,0,9,1,3,0,1,180.9,25,0,13.9,,inf,42
92,Daniel Jones,NYG,QB,24,11,11,232,361,2428,10,7,62,298,4.81,2,1,1,16,16.0,0,7,3,2,2,1,167.5,27,0,15.2,1.0,167.5,63
93,Sam Darnold,CAR,QB,24,12,11,243,406,2527,9,13,48,222,4.63,5,0,0,0,0.0,0,9,4,5,0,1,157.3,28,0,13.1,,inf,48
94,Davis Mills,HOU,QB,23,13,11,263,394,2664,16,10,18,44,2.44,0,0,0,0,0.0,0,5,1,0,1,1,157.0,29,0,12.1,,inf,18
95,Zach Wilson,NYJ,QB,22,13,13,213,383,2334,9,11,29,185,6.38,4,1,0,0,0.0,0,5,1,4,1,1,151.9,30,0,11.7,0.0,151.9,29
96,James Robinson,JAX,RB,23,14,13,0,0,0,0,0,164,767,4.68,8,46,31,222,7.16,0,4,2,8,0,0,173.9,25,0,12.4,0.6739130434782609,3.7804347826086957,195
97,Darrell Henderson,LAR,RB,24,12,10,0,0,0,0,0,149,688,4.62,5,40,29,176,6.07,3,0,0,8,0,0,163.4,26,0,13.6,0.725,4.085,178
98,Justin Fields,CHI,QB,22,12,10,159,270,1870,7,10,72,420,5.83,2,0,0,0,0.0,0,12,5,2,0,0,126.8,31,0,10.6,,inf,72
99,Myles Gaskin,MIA,RB,24,17,10,0,0,0,0,0,173,612,3.54,3,63,49,234,4.78,4,2,1,7,0,0,173.6,28,0,10.2,0.7777777777777778,2.7555555555555555,222
100,Sony Michel,LAR,RB,26,17,7,0,0,0,0,0,208,845,4.06,4,33,21,128,6.1,1,1,1,5,0,0,146.3,27,0,8.6,0.6363636363636364,4.433333333333334,229
101,Tony Pollard,DAL,RB,24,15,0,0,0,0,0,0,130,719,5.53,2,46,39,337,8.64,0,2,0,3,0,0,162.6,29,0,10.8,0.8478260869565217,3.534782608695652,169
102,DeVonta Smith,PHI,WR,23,17,16,0,0,0,0,0,0,0,0.0,0,104,64,916,14.31,5,1,1,5,1,0,185.6,30,0,10.9,0.6153846153846154,1.7846153846153845,64
103,A.J. Brown,TEN,WR,24,13,13,0,2,0,0,0,2,10,5.0,0,105,63,869,13.79,5,0,0,5,0,0,180.9,32,0,13.9,0.6,1.7228571428571429,65
104,Michael Carter,NYJ,RB,22,14,11,0,0,0,0,0,147,639,4.35,4,55,36,325,9.03,0,1,1,4,0,0,154.4,30,0,11.0,0.6545454545454545,2.8072727272727276,183
105,Taysom Hill,NOR,QB,31,12,9,78,134,978,4,5,70,374,5.34,5,6,4,52,13.0,0,2,0,5,0,0,121.7,32,0,10.1,0.6666666666666666,20.283333333333335,74
106,Van Jefferson,LAR,WR,25,17,17,0,0,0,0,0,2,20,10.0,0,89,50,802,16.04,6,0,0,6,0,0,168.2,31,0,9.9,0.5617977528089888,1.889887640449438,52
107,Tyler Boyd,CIN,WR,27,16,10,1,1,46,0,0,2,22,11.0,0,94,67,828,12.36,5,1,0,5,0,0,183.8,33,0,11.5,0.7127659574468085,1.9553191489361703,69
108,Jameis Winston,NOR,QB,27,7,7,95,161,1170,14,3,32,166,5.19,1,0,0,0,0.0,0,2,1,1,0,0,117.4,33,0,16.8,,inf,32
109,Rashaad Penny,SEA,RB,25,10,6,0,0,0,0,0,119,749,6.29,6,8,6,48,8.0,0,0,0,6,0,0,121.7,31,0,12.2,0.75,15.2125,125
110,Brandon Aiyuk,SFO,WR,23,17,16,0,0,0,0,0,5,17,3.4,0,84,56,826,14.75,5,2,1,5,1,0,170.3,34,0,10.0,0.6666666666666666,2.0273809523809527,61
111,Devonta Freeman,BAL,RB,29,16,8,0,0,0,0,0,133,576,4.33,5,42,34,190,5.59,1,0,0,6,0,0,146.6,32,0,9.2,0.8095238095238095,3.4904761904761905,167
112,Chuba Hubbard,CAR,RB,22,17,10,0,0,0,0,0,172,612,3.56,5,37,25,174,6.96,1,1,1,6,0,0,137.6,33,0,8.1,0.6756756756756757,3.7189189189189187,197
113,K.J. Osborn,MIN,WR,24,17,9,0,0,0,0,0,1,10,10.0,0,82,50,655,13.1,7,0,0,7,0,0,158.5,35,0,9.3,0.6097560975609756,1.9329268292682926,51
114,Saquon Barkley,NYG,RB,24,13,13,0,0,0,0,0,162,593,3.66,2,57,41,263,6.41,2,2,1,4,0,0,148.6,34,0,11.4,0.7192982456140351,2.6070175438596492,203
115,Chase Claypool,PIT,WR,23,15,13,0,0,0,0,0,14,96,6.86,0,105,59,860,14.58,2,0,0,2,0,0,166.6,36,0,11.1,0.5619047619047619,1.5866666666666667,73
116,Marvin Jones,JAX,WR,31,17,16,0,0,0,0,0,0,0,0.0,0,120,73,832,11.4,4,0,0,4,0,0,180.2,37,0,10.6,0.6083333333333333,1.5016666666666665,73
117,Marquez Callaway,NOR,WR,23,17,11,0,0,0,0,0,0,0,0.0,0,84,46,698,15.17,6,0,0,6,0,0,151.8,38,0,8.9,0.5476190476190477,1.8071428571428574,46
118,DeAndre Hopkins,ARI,WR,29,10,10,0,0,0,0,0,0,0,0.0,0,64,42,572,13.62,8,0,0,8,0,0,147.2,39,0,14.7,0.65625,2.3,42
119,Devontae Booker,NYG,RB,29,16,4,0,0,0,0,0,145,593,4.09,2,45,40,268,6.7,1,0,0,3,0,0,144.1,35,0,9.0,0.8888888888888888,3.2022222222222223,185
120,A.J. Green,ARI,WR,33,16,9,0,0,0,0,0,0,0,0.0,0,92,54,848,15.7,3,0,0,3,0,0,156.8,43,0,9.8,0.5869565217391305,1.7043478260869567,54
121,Allen Lazard ,GNB,WR,26,15,13,0,0,0,0,0,3,32,10.67,0,60,40,513,12.83,8,0,0,8,0,0,142.5,44,0,9.5,0.6666666666666666,2.375,43
122,Jakobi Meyers,NWE,WR,25,17,16,2,2,45,0,0,1,9,9.0,0,126,83,866,10.43,2,1,1,2,2,0,186.3,41,0,11.0,0.6587301587301587,1.4785714285714286,84
123,Tim Patrick,DEN,WR,28,16,16,0,0,0,0,0,0,0,0.0,0,85,53,734,13.85,5,0,0,5,0,0,156.4,40,0,9.8,0.6235294117647059,1.84,53
124,Cedrick Wilson Jr.,DAL,WR,26,16,4,3,3,88,0,0,2,11,5.5,0,61,45,602,13.38,6,3,0,6,1,0,147.8,42,0,9.2,0.7377049180327869,2.422950819672131,47
125,Rhamondre Stevenson,NWE,RB,23,12,2,0,0,0,0,0,133,606,4.56,5,18,14,123,8.79,0,2,1,5,0,0,114.9,36,0,9.6,0.7777777777777778,6.383333333333334,147
126,Chase Edmonds,ARI,RB,25,12,11,0,0,0,0,0,116,592,5.1,2,53,43,311,7.23,0,1,1,2,0,0,143.3,37,0,11.9,0.8113207547169812,2.7037735849056608,159
127,Clyde Edwards-Helaire,KAN,RB,22,10,10,0,0,0,0,0,119,517,4.34,4,23,19,129,6.79,2,2,2,6,1,0,117.6,38,0,11.8,0.8260869565217391,5.113043478260869,138
128,Russell Gage,ATL,WR,25,14,9,0,0,0,0,0,0,0,0.0,0,94,66,770,11.67,4,2,2,4,0,0,163.0,45,0,11.6,0.7021276595744681,1.7340425531914894,66
129,Elijah Moore,NYJ,WR,21,11,6,0,0,0,0,0,5,54,10.8,1,77,43,538,12.51,5,0,0,6,0,0,138.2,46,0,12.6,0.5584415584415584,1.7948051948051946,48
130,Mike Davis,ATL,RB,28,17,8,0,0,0,0,0,138,503,3.64,3,58,44,259,5.89,1,4,3,4,0,0,138.2,39,0,8.1,0.7586206896551724,2.382758620689655,182
131,Alexander Mattison,MIN,RB,23,16,4,0,0,0,0,0,134,491,3.66,3,39,32,228,7.13,1,1,1,4,0,0,125.9,40,0,7.9,0.8205128205128205,3.2282051282051283,166
132,Latavius Murray,BAL,RB,31,14,6,0,0,0,0,0,119,501,4.21,6,13,10,75,7.5,0,0,0,6,0,0,103.6,42,0,7.4,0.7692307692307693,7.9692307692307685,129
133,Jamaal Williams,DET,RB,26,13,11,0,0,0,0,0,153,601,3.93,3,28,26,157,6.04,0,1,0,3,0,0,119.8,41,0,9.2,0.9285714285714286,4.2785714285714285,179
134,Pat Freiermuth,PIT,TE,23,16,9,0,0,0,0,0,0,0,0.0,0,79,60,497,8.28,7,1,1,7,1,0,151.7,12,0,9.5,0.759493670886076,1.9202531645569618,60
135,Courtland Sutton,DEN,WR,26,17,16,1,1,16,0,0,0,0,0.0,0,98,58,776,13.38,2,0,0,2,1,0,150.2,47,0,8.8,0.5918367346938775,1.5326530612244897,58
136,Robert Woods,LAR,WR,29,9,9,0,0,0,0,0,8,46,5.75,1,69,45,556,12.36,4,0,0,5,1,0,137.2,48,0,15.2,0.6521739130434783,1.988405797101449,53
137,Gabriel Davis,BUF,WR,22,16,4,0,0,0,0,0,0,0,0.0,0,63,35,549,15.69,6,0,0,6,0,0,125.9,49,0,7.9,0.5555555555555556,1.9984126984126984,35
138,Noah Fant,DEN,TE,24,16,16,0,0,0,0,0,0,0,0.0,0,90,68,670,9.85,4,0,0,4,0,0,159.0,13,0,9.9,0.7555555555555555,1.7666666666666666,68
139,Christian McCaffrey,CAR,RB,25,7,7,0,0,0,0,0,99,442,4.46,1,41,37,343,9.27,1,1,0,2,0,0,127.5,44,0,18.2,0.9024390243902439,3.1097560975609757,136
140,Miles Sanders,PHI,RB,24,12,12,0,0,0,0,0,137,754,5.5,0,34,26,158,6.08,0,1,1,0,1,0,117.2,43,0,9.8,0.7647058823529411,3.447058823529412,163
141,Kenneth Gainwell,PHI,RB,22,16,1,0,0,0,0,0,68,291,4.28,5,50,33,253,7.67,1,2,1,6,1,0,123.4,45,0,7.7,0.66,2.468,101
142,Emmanuel Sanders,BUF,WR,34,14,13,0,0,0,0,0,2,31,15.5,0,72,42,626,14.9,4,0,0,4,0,0,131.7,50,0,9.4,0.5833333333333334,1.8291666666666666,44
143,Trevor Siemian,NOR,QB,30,6,4,108,188,1154,11,3,9,20,2.22,1,0,0,0,0.0,0,3,1,1,0,0,90.2,34,0,15.0,,inf,9
144,Kareem Hunt,CLE,RB,26,8,1,0,0,0,0,0,78,386,4.95,5,27,22,174,7.91,0,0,0,5,1,0,110.0,46,0,13.8,0.8148148148148148,4.074074074074074,100
145,Robby Anderson,CAR,WR,28,17,16,0,0,0,0,0,3,36,12.0,0,110,53,519,9.79,5,0,0,5,0,0,138.5,51,0,8.1,0.4818181818181818,1.259090909090909,56
146,Tyler Higbee,LAR,TE,28,15,15,0,0,0,0,0,0,0,0.0,0,85,61,560,9.18,5,1,0,5,0,0,147.0,14,0,9.8,0.7176470588235294,1.7294117647058824,61
147,Cam Newton,CAR,QB,32,8,5,69,126,684,4,5,47,230,4.89,5,0,0,0,0.0,0,4,1,5,0,1,86.4,35,0,10.8,,inf,47
148,Boston Scott,PHI,RB,26,16,4,0,0,0,0,0,87,373,4.29,7,16,13,83,6.38,0,1,1,7,0,0,98.6,47,0,6.2,0.8125,6.1625,100
149,Odell Beckham Jr.,2TM,WR,29,14,13,0,0,0,0,0,2,14,7.0,0,82,44,537,12.2,5,0,0,5,0,0,129.1,52,0,9.2,0.5365853658536586,1.5743902439024389,46
150,D'Onta Foreman,TEN,RB,25,9,3,0,0,0,0,0,133,566,4.26,3,11,9,123,13.67,0,2,1,3,0,0,93.9,49,0,10.4,0.8181818181818182,8.536363636363637,142
151,D'Ernest Johnson,CLE,RB,25,17,2,0,0,0,0,0,100,534,5.34,3,25,19,137,7.21,0,1,0,3,0,0,104.1,48,0,6.1,0.76,4.164,119
152,J.D. McKissic,WAS,RB,28,11,3,0,0,0,0,0,48,212,4.42,2,53,43,397,9.23,2,0,0,4,0,0,127.9,50,0,11.6,0.8113207547169812,2.4132075471698116,91
153,Byron Pringle,KAN,WR,28,17,5,0,0,0,0,0,0,0,0.0,0,60,42,568,13.52,5,2,1,5,0,0,126.8,53,0,7.5,0.7,2.1133333333333333,42
154,Jared Cook,LAC,TE,34,16,10,0,0,0,0,0,0,0,0.0,0,83,48,564,11.75,4,0,0,4,2,0,132.4,15,0,8.3,0.5783132530120482,1.5951807228915664,48
155,Andy Dalton,CHI,QB,34,8,6,149,236,1515,8,9,16,76,4.75,0,0,0,0,0.0,0,1,1,0,0,2,84.2,36,0,10.5,,inf,16
156,T.J. Hockenson,DET,TE,24,12,12,0,0,0,0,0,0,0,0.0,0,84,61,583,9.56,4,0,0,4,1,0,145.3,16,0,12.1,0.7261904761904762,1.7297619047619048,61
157,Kalif Raymond,DET,WR,27,16,14,0,0,0,0,0,4,28,7.0,0,71,48,576,12.0,4,0,0,4,0,0,132.4,54,0,8.3,0.676056338028169,1.8647887323943664,52
158,Brandon Bolden,NWE,RB,31,17,1,0,0,0,0,0,44,226,5.14,1,49,41,405,9.88,2,1,0,3,1,0,124.1,51,0,7.3,0.8367346938775511,2.5326530612244897,85
159,Tyler Huntley,BAL,QB,23,7,4,122,188,1081,3,4,47,294,6.26,2,0,0,0,0.0,0,4,3,2,0,0,82.6,37,0,11.8,,inf,47
160,Ty Johnson,NYJ,RB,24,16,3,0,0,0,0,0,61,238,3.9,2,55,34,372,10.94,2,2,1,4,0,0,117.0,52,0,7.3,0.6181818181818182,2.1272727272727274,95
161,Mecole Hardman,KAN,WR,23,17,8,0,0,0,0,0,8,46,5.75,0,83,59,693,11.75,2,3,2,2,0,0,140.9,55,0,8.3,0.7108433734939759,1.6975903614457832,67
162,Mark Ingram,2TM,RB,32,14,10,0,0,0,0,0,160,554,3.46,2,35,27,162,6.0,0,1,1,2,0,0,108.6,54,0,7.8,0.7714285714285715,3.1028571428571428,187
163,Zack Moss,BUF,RB,24,13,0,0,0,0,0,0,96,345,3.59,4,32,23,197,8.57,1,2,1,5,0,0,105.2,53,0,8.1,0.71875,3.2875,119
164,Tyrod Taylor,HOU,QB,32,6,6,91,150,966,5,5,19,151,7.95,3,0,0,0,0.0,0,3,0,3,0,0,81.7,38,0,13.6,,inf,19
165,Jarvis Landry,CLE,WR,29,12,12,0,0,0,0,0,6,40,6.67,2,87,52,570,10.96,2,3,2,4,0,0,133.0,56,0,11.1,0.5977011494252874,1.528735632183908,58
166,Antonio Brown,TAM,WR,33,7,3,0,0,0,0,0,1,6,6.0,0,62,42,545,12.98,4,0,0,4,0,0,121.1,57,0,17.3,0.6774193548387096,1.9532258064516128,43
167,Rex Burkhead,HOU,RB,31,16,5,0,1,0,0,0,122,427,3.5,3,32,25,186,7.44,0,1,0,3,0,0,104.3,55,0,6.5,0.78125,3.259375,147
168,C.J. Uzomah,CIN,TE,28,16,16,0,0,0,0,0,0,0,0.0,0,63,49,493,10.06,5,0,0,5,0,0,128.3,17,0,8.0,0.7777777777777778,2.036507936507937,49
169,Darren Waller,LVR,TE,29,11,11,0,0,0,0,0,0,0,0.0,0,93,55,665,12.09,2,0,0,2,0,0,133.5,18,0,12.1,0.5913978494623656,1.435483870967742,55
170,Cole Beasley,BUF,WR,32,16,8,0,1,0,0,0,0,0,0.0,0,112,82,693,8.45,1,1,0,1,1,0,159.3,58,0,10.0,0.7321428571428571,1.4223214285714287,82
171,Tyler Conklin,MIN,TE,26,17,15,0,0,0,0,0,0,0,0.0,0,87,61,593,9.72,3,1,0,3,0,0,138.3,19,0,8.1,0.7011494252873564,1.5896551724137933,61
172,Deonte Harris,NOR,WR,24,13,1,0,0,0,0,0,5,41,8.2,0,59,36,570,15.83,3,2,1,3,0,0,113.1,59,0,8.7,0.6101694915254238,1.9169491525423727,41
173,Donovan Peoples-Jones,CLE,WR,22,14,9,0,0,0,0,0,0,0,0.0,0,58,34,597,17.56,3,2,1,3,0,0,109.7,60,0,7.8,0.5862068965517241,1.8913793103448275,34
174,Braxton Berrios,NYJ,WR,26,16,1,0,0,0,0,0,7,40,5.71,2,65,46,431,9.37,2,1,1,5,0,0,121.1,61,0,7.6,0.7076923076923077,1.863076923076923,53
175,Bryan Edwards,LVR,WR,23,16,12,0,0,0,0,0,1,0,0.0,0,59,34,571,16.79,3,1,0,3,0,0,109.1,62,0,6.8,0.576271186440678,1.8491525423728812,35
176,Kenyan Drake,LVR,RB,27,12,2,0,0,0,0,0,63,254,4.03,2,40,30,291,9.7,1,1,0,3,0,0,102.5,57,0,8.5,0.75,2.5625,93
177,Nyheim Hines,IND,RB,25,17,4,0,0,0,0,0,56,276,4.93,2,57,40,310,7.75,1,3,2,3,0,0,112.6,56,0,6.6,0.7017543859649122,1.975438596491228,96
178,Quez Watkins,PHI,WR,23,17,12,0,0,0,0,0,1,3,3.0,0,62,43,647,15.05,1,0,0,1,1,0,116.0,63,0,6.8,0.6935483870967742,1.8709677419354838,44
179,Jacoby Brissett,MIA,QB,29,11,5,141,225,1283,5,4,19,70,3.68,1,0,0,0,0.0,0,6,3,1,0,1,72.3,39,0,6.6,,inf,19
180,David Njoku,CLE,TE,25,16,11,0,0,0,0,0,1,1,1.0,0,53,36,475,13.19,4,0,0,4,0,0,107.6,20,0,6.7,0.6792452830188679,2.030188679245283,37
181,Corey Davis,NYJ,WR,26,9,9,0,0,0,0,0,0,0,0.0,0,59,34,492,14.47,4,2,1,4,0,0,105.2,64,0,11.7,0.576271186440678,1.7830508474576272,34
182,Gerald Everett,SEA,TE,27,15,12,0,0,0,0,0,3,20,6.67,0,63,48,478,9.96,4,2,2,4,0,0,117.8,21,0,7.9,0.7619047619047619,1.8698412698412699,51
183,Nick Westbrook-Ikhine,TEN,WR,24,16,7,0,0,0,0,0,0,0,0.0,0,57,38,476,12.53,4,1,1,4,0,0,107.6,65,0,6.7,0.6666666666666666,1.887719298245614,38
184,Ronald Jones II,TAM,RB,24,16,3,0,0,0,0,0,101,428,4.24,4,13,10,64,6.4,0,2,2,4,0,0,79.2,58,0,5.0,0.7692307692307693,6.092307692307693,111
185,Nelson Agholor,NWE,WR,28,15,13,0,0,0,0,0,3,11,3.67,0,64,37,473,12.78,3,0,0,3,0,0,103.4,66,0,6.9,0.578125,1.615625,40
186,Randall Cobb,GNB,WR,31,12,3,0,0,0,0,0,1,1,1.0,0,39,28,375,13.39,5,1,1,5,0,0,93.6,68,0,7.8,0.717948717948718,2.4,29
187,Jalen Guyton,LAC,WR,24,16,2,0,0,0,0,0,7,34,4.86,0,48,31,448,14.45,3,1,0,3,0,0,97.2,67,0,6.1,0.6458333333333334,2.025,38
188,Khalil Herbert,CHI,RB,23,17,2,0,0,0,0,0,103,433,4.2,2,16,14,96,6.86,0,1,0,2,0,0,78.9,59,0,4.6,0.875,4.93125,117
189,Trey Lance,SFO,QB,21,6,2,41,71,603,5,2,38,168,4.42,1,0,0,0,0.0,0,0,0,1,1,0,64.9,40,0,10.8,,inf,38
190,Justin Jackson,LAC,RB,25,14,2,0,0,0,0,0,68,364,5.35,2,25,22,178,8.09,0,1,1,2,0,0,86.2,60,0,6.2,0.88,3.448,90
191,DeVante Parker,MIA,WR,28,10,8,0,0,0,0,0,0,0,0.0,0,73,40,515,12.88,2,0,0,2,0,0,103.5,70,0,10.4,0.547945205479452,1.417808219178082,40
192,Laviska Shenault Jr.,JAX,WR,23,16,10,0,0,0,0,0,11,41,3.73,0,100,63,619,9.83,0,1,1,0,0,0,127.0,69,0,7.9,0.63,1.27,74
193,DeAndre Carter,WAS,WR,28,17,6,0,0,0,0,0,10,89,8.9,0,44,24,296,12.33,3,3,0,4,0,0,86.5,71,0,5.1,0.5454545454545454,1.9659090909090908,34
194,Freddie Swain,SEA,WR,23,17,8,0,0,0,0,0,5,32,6.4,0,40,25,343,13.72,4,1,0,4,0,0,86.5,72,0,5.1,0.625,2.1625,30
195,Jordan Howard,PHI,RB,27,7,0,0,0,0,0,0,86,406,4.72,3,5,2,19,9.5,0,0,0,3,0,0,62.5,61,0,8.9,0.4,12.5,88
196,Cole Kmet,CHI,TE,22,17,17,0,0,0,0,0,1,0,0.0,0,93,60,612,10.2,0,0,0,0,0,0,121.2,22,0,7.1,0.6451612903225806,1.303225806451613,61
197,Henry Ruggs III,LVR,WR,22,7,7,0,0,0,0,0,3,16,5.33,0,36,24,469,19.54,2,0,0,2,0,0,84.5,74,0,12.1,0.6666666666666666,2.3472222222222223,27
198,Marquez Valdes-Scantling,GNB,WR,27,11,7,0,0,0,0,0,0,0,0.0,0,55,26,430,16.54,3,0,0,3,0,0,87.0,73,0,7.9,0.4727272727272727,1.5818181818181818,26
199,Alex Collins,SEA,RB,27,11,6,0,0,0,0,0,108,411,3.81,2,10,9,87,9.67,0,1,1,2,0,0,68.8,62,0,6.3,0.9,6.88,117
200,Josh Palmer,LAC,WR,23,17,5,0,0,0,0,0,1,6,6.0,0,49,33,353,10.7,4,0,0,4,0,0,92.9,75,0,5.5,0.673469387755102,1.8959183673469389,34
201,Jamison Crowder,NYJ,WR,28,12,4,0,0,0,0,0,0,0,0.0,0,71,51,447,8.76,2,1,1,2,1,1,109.7,78,0,9.1,0.7183098591549296,1.5450704225352112,51
202,Zay Jones,LVR,WR,26,17,9,0,0,0,0,0,2,3,1.5,0,70,47,546,11.62,1,1,1,1,0,0,105.9,76,0,6.2,0.6714285714285714,1.512857142857143,49
203,Olamide Zaccheaus,ATL,WR,24,17,8,0,0,0,0,0,1,2,2.0,0,53,31,406,13.1,3,0,0,3,0,0,89.8,77,0,5.3,0.5849056603773585,1.6943396226415093,32
204,Rashod Bateman,BAL,WR,22,12,4,0,0,0,0,0,0,0,0.0,0,68,46,515,11.2,1,0,0,1,0,0,103.5,80,0,8.6,0.6764705882352942,1.5220588235294117,46
205,Jauan Jennings,SFO,WR,24,16,1,0,0,0,0,0,0,0,0.0,0,38,24,282,11.75,5,1,0,5,0,0,82.2,79,0,5.1,0.631578947368421,2.1631578947368424,24
206,Evan Engram,NYG,TE,27,15,12,0,0,0,0,0,1,-3,-3.0,0,73,46,408,8.87,3,1,1,3,0,0,102.5,23,0,6.8,0.6301369863013698,1.404109589041096,47
207,Michael Gallup,DAL,WR,25,9,8,0,0,0,0,0,0,0,0.0,0,62,35,445,12.71,2,0,0,2,0,0,91.5,81,0,10.2,0.5645161290322581,1.4758064516129032,35
208,Zach Pascal,IND,WR,27,16,13,0,0,0,0,0,2,21,10.5,0,69,38,384,10.11,3,1,1,3,0,0,94.5,82,0,5.9,0.5507246376811594,1.3695652173913044,40
209,Mo Alie-Cox,IND,TE,28,17,7,0,0,0,0,0,0,0,0.0,0,45,24,316,13.17,4,1,0,4,0,0,79.6,24,0,4.7,0.5333333333333333,1.7688888888888887,24
210,DeSean Jackson,2TM,WR,35,16,4,0,0,0,0,0,1,4,4.0,0,34,20,454,22.7,2,1,1,2,0,0,75.8,83,0,4.7,0.5882352941176471,2.2294117647058824,21
211,Samaje Perine,CIN,RB,26,16,0,0,0,0,0,0,55,246,4.47,1,31,27,196,7.26,1,0,0,2,0,0,83.2,63,0,5.2,0.8709677419354839,2.6838709677419357,82
212,Tre'Quan Smith,NOR,WR,25,11,6,0,0,0,0,0,0,0,0.0,0,50,32,377,11.78,3,1,0,3,0,0,87.7,84,0,8.0,0.64,1.754,32
213,Austin Hooper,CLE,TE,27,16,16,0,0,0,0,0,0,0,0.0,0,61,38,345,9.08,3,0,0,3,1,0,92.5,26,0,5.8,0.6229508196721312,1.5163934426229508,38
214,Duke Johnson,MIA,RB,28,5,4,0,0,0,0,0,71,330,4.65,3,5,4,41,10.25,0,0,0,3,0,0,59.1,64,0,11.8,0.8,11.82,75
215,Rondale Moore,ARI,WR,21,14,7,0,0,0,0,0,18,76,4.22,0,64,54,435,8.06,1,3,1,1,0,0,109.1,85,0,7.8,0.84375,1.7046875,72
216,Foster Moreau,LVR,TE,24,17,11,0,0,0,0,0,0,0,0.0,0,44,30,373,12.43,3,1,0,3,0,0,85.3,25,0,5.0,0.6818181818181818,1.9386363636363635,30
217,Dontrell Hilliard,TEN,RB,26,8,5,0,0,0,0,0,56,350,6.25,2,26,19,87,4.58,0,2,1,2,0,0,72.7,65,0,9.1,0.7307692307692307,2.7961538461538464,75
218,Geno Smith,SEA,QB,31,4,3,65,95,702,5,1,9,42,4.67,1,0,0,0,0.0,0,1,1,1,0,0,54.3,41,0,13.6,,inf,9
219,Ameer Abdullah,2TM,RB,28,17,1,0,0,0,0,0,51,166,3.25,0,53,38,289,7.61,1,0,0,1,0,0,89.5,66,0,5.3,0.7169811320754716,1.6886792452830188,89
220,Jamal Agnew,JAX,WR,26,10,2,0,0,0,0,0,7,111,15.86,1,39,24,229,9.54,1,1,0,3,0,0,76.0,87,0,7.6,0.6153846153846154,1.9487179487179487,31
221,Kenny Golladay,NYG,WR,28,14,14,0,0,0,0,0,0,0,0.0,0,76,37,521,14.08,0,0,0,0,0,0,89.1,86,0,6.4,0.4868421052631579,1.1723684210526315,37
222,Josh Reynolds,2TM,WR,26,12,5,0,0,0,0,0,0,0,0.0,0,49,29,396,13.66,2,0,0,2,0,0,80.6,88,0,6.7,0.5918367346938775,1.6448979591836734,29
223,Keelan Cole,NYJ,WR,28,15,11,0,1,0,0,0,0,0,0.0,0,51,28,449,16.04,1,0,0,1,0,0,78.9,90,0,5.3,0.5490196078431373,1.5470588235294118,28
224,Nico Collins,HOU,WR,22,14,8,0,0,0,0,0,0,0,0.0,0,60,33,446,13.52,1,0,0,1,0,0,83.6,91,0,6.0,0.55,1.3933333333333333,33
225,T.Y. Hilton,IND,WR,32,10,9,0,0,0,0,0,0,0,0.0,0,37,23,331,14.39,3,0,0,3,0,0,74.1,89,0,7.4,0.6216216216216216,2.0027027027027025,23
226,Drew Lock,DEN,QB,25,6,3,67,111,787,2,2,10,53,5.3,2,1,1,1,1.0,0,2,1,2,0,0,51.9,42,0,8.6,1.0,51.9,11
227,Jack Doyle,IND,TE,31,17,14,0,0,0,0,0,0,0,0.0,0,43,29,302,10.41,3,0,0,3,1,0,79.2,27,0,4.7,0.6744186046511628,1.841860465116279,29
228,Devin Duvernay,BAL,WR,24,16,7,0,0,0,0,0,7,50,7.14,0,47,33,272,8.24,2,1,0,3,0,0,83.2,92,0,5.2,0.7021276595744681,1.770212765957447,40
229,Cameron Brate,TAM,TE,30,17,3,0,0,0,0,0,0,0,0.0,0,57,30,245,8.17,4,0,0,4,0,0,78.5,28,0,4.6,0.5263157894736842,1.3771929824561404,30
230,David Johnson,HOU,RB,30,13,4,0,0,0,0,0,67,228,3.4,0,42,32,225,7.03,1,1,1,1,0,0,81.3,67,0,6.3,0.7619047619047619,1.9357142857142857,99
231,Julio Jones,TEN,WR,32,10,10,0,0,0,0,0,0,0,0.0,0,48,31,434,14.0,1,0,0,1,0,0,80.4,93,0,8.0,0.6458333333333334,1.675,31
232,Allen Robinson,CHI,WR,28,12,11,0,0,0,0,0,0,0,0.0,0,66,38,410,10.79,1,0,0,1,1,0,87.0,95,0,7.2,0.5757575757575758,1.3181818181818181,38
233,Laquon Treadwell,JAX,WR,26,12,7,0,0,0,0,0,0,0,0.0,0,51,33,434,13.15,1,0,0,1,0,0,82.4,94,0,6.9,0.6470588235294118,1.615686274509804,33
234,Derrick Gore,KAN,RB,27,11,0,0,0,0,0,0,51,256,5.02,2,9,8,105,13.13,0,0,0,2,0,0,56.1,68,0,5.1,0.8888888888888888,6.233333333333333,59
235,Jerry Jeudy,DEN,WR,22,10,5,0,0,0,0,0,2,3,1.5,0,56,38,467,12.29,0,1,0,0,0,0,85.0,96,0,8.5,0.6785714285714286,1.5178571428571428,40
236,Mack Hollins,MIA,WR,28,17,3,0,0,0,0,0,0,0,0.0,0,28,14,223,15.93,4,0,0,4,0,0,60.3,97,0,3.5,0.5,2.1535714285714285,14
237,Travis Homer,SEA,RB,23,14,0,0,0,0,0,0,21,177,8.43,1,20,16,161,10.06,0,0,0,2,0,0,61.8,70,0,4.4,0.8,3.09,37
238,Josh Johnson,2TM,QB,35,4,1,57,85,638,5,2,9,28,3.11,0,0,0,0,0.0,0,2,0,0,1,0,46.3,43,0,11.6,,inf,9
239,Jeremy McNichols,TEN,RB,26,14,0,0,0,0,0,0,41,156,3.8,0,38,28,240,8.57,1,0,0,1,0,0,73.6,71,0,5.3,0.7368421052631579,1.9368421052631577,69
240,Jaret Patterson,WAS,RB,22,17,1,0,0,0,0,0,68,266,3.91,2,11,10,73,7.3,0,1,0,2,0,0,55.9,69,0,3.3,0.9090909090909091,5.081818181818182,78
241,Danny Amendola,HOU,WR,36,8,0,0,1,0,0,0,0,0,0.0,0,38,24,248,10.33,3,1,0,3,1,0,68.8,99,0,8.6,0.631578947368421,1.8105263157894735,24
242,Anthony Firkser,TEN,TE,26,15,1,0,0,0,0,0,0,0,0.0,0,43,34,291,8.56,2,2,1,3,0,0,79.1,29,0,5.3,0.7906976744186046,1.83953488372093,34
243,Jalen Reagor,PHI,WR,22,17,13,0,0,0,0,0,10,32,3.2,0,57,33,299,9.06,2,2,0,2,0,0,78.1,98,0,4.6,0.5789473684210527,1.370175438596491,43
244,Damien Williams,CHI,RB,29,12,2,0,0,0,0,0,40,164,4.1,2,23,16,103,6.44,1,0,0,3,0,0,60.7,72,0,5.1,0.6956521739130435,2.639130434782609,56
245,Jeff Wilson,SFO,RB,26,9,4,0,0,0,0,0,79,294,3.72,2,8,7,31,4.43,0,1,0,2,0,0,51.5,73,0,5.7,0.875,6.4375,86
246,Kyle Juszczyk,SFO,RB,30,17,16,0,0,0,0,0,8,22,2.75,1,38,30,296,9.87,1,0,0,2,0,0,73.8,74,0,4.3,0.7894736842105263,1.9421052631578946,38
247,Demarcus Robinson,KAN,WR,27,17,10,0,0,0,0,0,0,0,0.0,0,41,25,264,10.56,3,0,0,3,0,0,69.4,100,0,4.1,0.6097560975609756,1.6926829268292685,25
248,Mike White,NYJ,QB,26,4,3,88,132,953,5,8,5,-1,-0.2,0,0,0,0,0.0,0,0,0,0,1,0,44.0,44,0,11.0,,inf,5
249,Chris Conley,HOU,WR,29,16,10,0,0,0,0,0,1,3,3.0,0,37,22,323,14.68,2,1,1,2,0,0,64.6,103,0,4.0,0.5945945945945946,1.7459459459459459,23
250,Albert Okwuegbunam,DEN,TE,23,14,6,0,0,0,0,0,0,0,0.0,0,40,33,330,10.0,2,1,1,2,0,0,76.0,30,0,5.4,0.825,1.9,33
251,Darius Slayton,NYG,WR,24,13,5,0,0,0,0,0,1,-13,-13.0,0,58,26,339,13.04,2,1,1,2,0,0,68.6,104,0,5.3,0.4482758620689655,1.182758620689655,27
252,Kadarius Toney,NYG,WR,22,10,4,1,3,19,0,0,3,6,2.0,0,57,39,420,10.77,0,0,0,0,0,0,82.4,102,0,8.2,0.6842105263157895,1.4456140350877194,42
253,Sammy Watkins,BAL,WR,28,13,9,0,0,0,0,0,0,0,0.0,0,49,27,394,14.59,1,1,1,1,0,0,70.4,101,0,5.4,0.5510204081632653,1.4367346938775512,27
254,Chris Carson,SEA,RB,27,4,4,0,0,0,0,0,54,232,4.3,3,6,6,29,4.83,0,1,1,3,0,0,48.1,75,0,12.0,1.0,8.016666666666667,60
255,Sterling Shepard,NYG,WR,28,7,6,0,0,0,0,0,1,-9,-9.0,0,53,36,366,10.17,1,0,0,1,0,0,77.7,106,0,11.1,0.6792452830188679,1.4660377358490566,37
256,James Washington,PIT,WR,25,15,2,0,0,0,0,0,2,13,6.5,0,44,24,285,11.88,2,0,0,2,0,0,65.8,105,0,4.4,0.5454545454545454,1.4954545454545454,26
257,Dan Arnold,2TM,TE,26,11,4,0,0,0,0,0,0,0,0.0,0,52,35,408,11.66,0,1,1,0,1,0,75.8,32,0,6.9,0.6730769230769231,1.4576923076923076,35
258,Harrison Bryant,CLE,TE,23,16,3,0,0,0,0,0,0,0,0.0,0,28,21,233,11.1,3,0,0,3,0,0,62.3,31,0,3.9,0.75,2.225,21
259,Tevin Coleman,NYJ,RB,28,11,5,0,0,0,0,0,84,356,4.24,0,16,11,49,4.45,0,0,0,0,0,0,51.5,77,0,4.7,0.6875,3.21875,95
260,Phillip Lindsay,2TM,RB,27,14,1,0,0,0,0,0,88,249,2.83,1,5,4,45,11.25,1,0,0,2,0,0,45.4,76,0,3.2,0.8,9.08,92
261,Colt McCoy,ARI,QB,35,8,3,74,99,740,3,1,22,37,1.68,0,0,0,0,0.0,0,4,1,0,0,0,41.3,45,0,5.2,,inf,22
262,Peyton Barber,LVR,RB,27,10,1,0,0,0,0,0,55,212,3.85,2,13,10,67,6.7,0,2,0,2,0,0,49.9,78,0,5.0,0.7692307692307693,3.838461538461538,65
263,Juwan Johnson,NOR,TE,25,14,2,0,0,0,0,0,0,0,0.0,0,22,13,159,12.23,4,0,0,4,0,0,52.9,33,0,3.8,0.5909090909090909,2.4045454545454543,13
264,Calvin Ridley,ATL,WR,27,5,5,0,0,0,0,0,0,0,0.0,0,52,31,281,9.06,2,0,0,2,0,0,71.1,107,0,14.2,0.5961538461538461,1.3673076923076921,31
265,Damiere Byrd,CHI,WR,28,17,4,0,0,0,0,0,0,0,0.0,0,38,26,329,12.65,1,1,1,1,1,0,64.9,108,0,3.8,0.6842105263157895,1.7078947368421054,26
266,DeeJay Dallas,SEA,RB,23,17,0,0,0,0,0,0,33,138,4.18,2,23,21,133,6.33,0,1,0,2,0,0,60.1,79,0,3.5,0.9130434782608695,2.61304347826087,54
267,Ashton Dulin,IND,WR,24,17,1,0,0,0,0,0,3,32,10.67,0,22,13,173,13.31,2,0,0,3,0,0,51.5,110,0,3.0,0.5909090909090909,2.340909090909091,16
268,Donald Parham,LAC,TE,24,14,9,0,0,0,0,0,0,0,0.0,0,27,20,190,9.5,3,0,0,3,1,0,59.0,36,0,4.2,0.7407407407407407,2.185185185185185,20
269,Ricky Seals-Jones,WAS,TE,26,13,6,0,0,0,0,0,0,0,0.0,0,49,30,271,9.03,2,0,0,2,0,0,69.1,35,0,5.3,0.6122448979591837,1.4102040816326529,30
270,Jonnu Smith,NWE,TE,26,16,11,0,0,0,0,0,9,40,4.44,0,45,28,294,10.5,1,1,0,1,0,0,67.4,34,0,4.2,0.6222222222222222,1.4977777777777779,37
271,Geoff Swaim,TEN,TE,28,16,16,0,0,0,0,0,0,0,0.0,0,40,31,210,6.77,3,0,0,3,0,0,70.0,37,0,4.4,0.775,1.75,31
272,Antoine Wesley,ARI,WR,24,15,4,0,0,0,0,0,0,0,0.0,0,32,19,208,10.95,3,0,0,3,0,0,57.8,109,0,3.9,0.59375,1.80625,19
273,Ryan Griffin,NYJ,TE,31,14,12,0,0,0,0,0,0,0,0.0,0,42,27,261,9.67,2,1,0,2,0,0,65.1,38,0,4.6,0.6428571428571429,1.5499999999999998,27
274,Adam Humphries,WAS,WR,28,17,11,0,0,0,0,0,0,0,0.0,0,62,41,383,9.34,0,0,0,0,0,0,79.3,111,0,4.7,0.6612903225806451,1.2790322580645161,41
275,Hayden Hurst,ATL,TE,28,13,5,0,0,0,0,0,0,0,0.0,0,31,26,221,8.5,3,3,1,3,0,0,64.1,39,0,4.9,0.8387096774193549,2.0677419354838706,26
276,Josiah Deguara,GNB,TE,24,16,2,0,0,0,0,0,0,0,0.0,0,33,25,245,9.8,2,0,0,2,0,0,61.5,41,0,3.8,0.7575757575757576,1.8636363636363635,25
277,Marquise Goodwin,CHI,WR,31,14,2,0,0,0,0,0,2,-1,-0.5,0,40,20,313,15.65,1,1,0,1,0,0,57.2,112,0,4.1,0.5,1.4300000000000002,22
278,Jimmy Graham,CHI,TE,35,15,6,0,0,0,0,0,0,0,0.0,0,23,14,167,11.93,3,0,0,3,1,0,50.7,40,0,3.4,0.6086956521739131,2.2043478260869565,14
279,Lil'Jordan Humphrey,NOR,WR,23,10,4,0,0,0,0,0,0,0,0.0,0,18,13,249,19.15,2,0,0,2,0,0,49.9,113,0,5.0,0.7222222222222222,2.772222222222222,13
280,Dare Ogunbowale,JAX,RB,27,17,2,0,0,0,0,0,43,137,3.19,1,21,13,114,8.77,1,0,0,2,0,0,50.1,80,0,2.9,0.6190476190476191,2.3857142857142857,56
281,Giovani Bernard,TAM,RB,30,12,0,0,0,0,0,0,8,58,7.25,0,29,23,123,5.35,3,1,0,3,0,0,59.1,81,0,4.9,0.7931034482758621,2.037931034482759,31
282,Matt Breida,BUF,RB,26,9,0,0,0,0,0,0,26,125,4.81,1,9,7,72,10.29,2,1,1,3,0,0,42.7,82,0,4.7,0.7777777777777778,4.7444444444444445,33
283,Tyler Johnson,TAM,WR,23,17,3,0,0,0,0,0,0,0,0.0,0,55,36,360,10.0,0,0,0,0,0,0,72.0,114,0,4.2,0.6545454545454545,1.309090909090909,36
284,Brevin Jordan,HOU,TE,21,9,2,0,0,0,0,0,0,0,0.0,0,28,20,178,8.9,3,0,0,3,0,0,55.8,44,0,6.2,0.7142857142857143,1.9928571428571427,20
285,Durham Smythe,MIA,TE,26,17,12,0,0,0,0,0,2,3,1.5,0,41,34,357,10.5,0,0,0,0,0,0,70.0,43,0,4.1,0.8292682926829268,1.7073170731707317,36
286,Logan Thomas,WAS,TE,30,6,6,0,0,0,0,0,0,0,0.0,0,25,18,196,10.89,3,1,1,3,0,0,53.6,45,0,8.9,0.72,2.144,18
287,Adam Trautman,NOR,TE,24,13,10,0,0,0,0,0,0,0,0.0,0,43,27,263,9.74,2,1,1,2,0,0,63.3,42,0,4.9,0.627906976744186,1.4720930232558138,27
288,Chris Evans,CIN,RB,24,14,1,0,0,0,0,0,17,77,4.53,0,17,15,151,10.07,2,0,0,2,0,0,49.8,83,0,3.6,0.8823529411764706,2.929411764705882,32
289,Cyril Grayson,TAM,WR,28,5,3,0,0,0,0,0,1,14,14.0,0,12,10,212,21.2,2,0,0,2,0,0,44.6,117,0,8.9,0.8333333333333334,3.716666666666667,11
290,Chris Moore,HOU,WR,28,12,1,0,0,0,0,0,0,0,0.0,0,22,21,227,10.81,2,0,0,2,0,0,55.7,116,0,4.6,0.9545454545454546,2.5318181818181817,21
291,MyCole Pruitt,TEN,TE,29,16,9,0,0,0,0,0,0,0,0.0,0,18,14,145,10.36,3,0,0,3,1,0,48.5,46,0,3.0,0.7777777777777778,2.6944444444444446,14
292,Chester Rogers,TEN,WR,27,16,2,0,0,0,0,0,1,9,9.0,0,43,30,301,10.03,1,4,1,1,0,0,65.0,115,0,4.1,0.6976744186046512,1.5116279069767442,31
293,Quintez Cephus,DET,WR,23,5,3,0,0,0,0,0,0,0,0.0,0,22,15,204,13.6,2,0,0,2,1,0,49.4,118,0,9.9,0.6818181818181818,2.2454545454545456,15
294,Rashard Higgins,CLE,WR,27,15,4,0,0,0,0,0,0,0,0.0,0,47,24,275,11.46,1,0,0,1,0,0,57.5,120,0,3.8,0.5106382978723404,1.2234042553191489,24
295,Carlos Hyde,JAX,RB,31,12,2,0,0,0,0,0,72,253,3.51,1,21,12,65,5.42,0,2,2,1,0,0,45.8,84,0,3.8,0.5714285714285714,2.1809523809523808,84
296,Gardner Minshew II,PHI,QB,25,4,2,41,60,439,4,1,9,21,2.33,0,0,0,0,0.0,0,1,0,0,0,0,33.7,46,0,8.4,,inf,9
297,Kyle Rudolph,NYG,TE,32,16,13,0,0,0,0,0,0,0,0.0,0,39,26,257,9.88,1,0,0,1,1,0,59.7,47,0,3.7,0.6666666666666666,1.5307692307692309,26
298,Cam Sims,WAS,WR,25,14,3,0,0,0,0,0,1,7,7.0,0,23,15,211,14.07,2,0,0,2,0,0,48.8,119,0,3.5,0.6521739130434783,2.1217391304347823,16
299,Le'Veon Bell,2TM,RB,29,8,0,0,0,0,0,0,39,101,2.59,2,7,5,30,6.0,1,0,0,3,1,0,38.1,85,0,4.8,0.7142857142857143,5.442857142857143,44
300,Demetric Felton,CLE,RB,23,16,2,0,0,0,0,0,7,24,3.43,0,21,18,181,10.06,2,4,0,2,0,0,50.5,88,0,3.2,0.8571428571428571,2.4047619047619047,25
301,Isaiah McKenzie,BUF,WR,26,15,2,0,0,0,0,0,9,47,5.22,1,26,20,178,8.9,1,2,1,2,0,0,52.5,122,0,3.5,0.7692307692307693,2.019230769230769,29
302,Tommy Tremble,CAR,TE,21,16,11,0,0,0,0,0,3,11,3.67,1,35,20,180,9.0,1,0,0,2,1,0,53.1,48,0,3.3,0.5714285714285714,1.5171428571428571,23
303,Malik Turner,DAL,WR,25,14,0,0,0,0,0,0,0,0,0.0,0,16,12,149,12.42,3,0,0,3,0,0,44.9,121,0,3.2,0.75,2.80625,12
304,Ke'Shawn Vaughn,TAM,RB,24,12,1,0,0,0,0,0,36,180,5.0,2,8,4,26,6.5,0,0,0,2,0,0,36.6,87,0,3.1,0.5,4.575,40
305,Ty'Son Williams,BAL,RB,25,13,3,0,0,0,0,0,35,185,5.29,1,12,9,84,9.33,0,1,0,1,0,0,41.9,86,0,3.2,0.75,3.4916666666666667,44
306,Robert Tonyan,GNB,TE,27,8,5,0,0,0,0,0,0,0,0.0,0,29,18,204,11.33,2,0,0,2,0,0,50.4,49,0,6.3,0.6206896551724138,1.7379310344827585,18
307,John Bates,WAS,TE,24,17,8,0,0,0,0,0,0,0,0.0,0,25,20,249,12.45,1,1,0,1,0,0,50.9,50,0,3.0,0.8,2.036,20
308,Mike Glennon,NYG,QB,32,6,4,90,167,790,4,10,7,33,4.71,1,0,0,0,0.0,0,6,3,1,0,0,30.9,47,0,5.1,,inf,7
309,Brandon Zylstra,CAR,WR,28,13,3,0,1,0,0,0,0,0,0.0,0,25,18,250,13.89,1,0,0,1,0,0,49.0,123,0,3.8,0.72,1.96,18
310,John Ross,NYG,WR,26,10,1,0,0,0,0,0,1,16,16.0,0,20,11,224,20.36,1,1,0,1,0,0,41.0,124,0,4.1,0.55,2.05,12
311,Will Dissly,SEA,TE,25,15,14,0,0,0,0,0,0,0,0.0,0,26,21,231,11.0,1,1,0,1,0,0,50.1,51,0,3.3,0.8076923076923077,1.926923076923077,21
312,Jakeem Grant,2TM,WR,29,15,0,0,0,0,0,0,5,33,6.6,0,17,11,132,12.0,2,3,3,3,0,0,39.5,125,0,2.6,0.6470588235294118,2.323529411764706,16
313,Case Keenum,CLE,QB,33,7,2,47,72,462,3,1,12,22,1.83,0,0,0,0,0.0,0,1,1,0,0,0,28.7,48,0,4.1,,inf,12
314,Isaiah Ford,MIA,WR,25,13,2,0,0,0,0,0,0,0,0.0,0,17,12,161,13.42,2,0,0,2,0,0,40.1,126,0,3.1,0.7058823529411765,2.3588235294117648,12
315,Craig Reynolds,DET,RB,25,5,2,0,0,0,0,0,55,230,4.18,0,8,7,52,7.43,0,0,0,0,0,0,35.2,89,0,7.0,0.875,4.4,62
316,Greg Ward,PHI,WR,26,17,0,1,2,2,0,0,0,0,0.0,0,11,7,95,13.57,3,0,0,3,0,0,34.6,127,0,2.0,0.6363636363636364,3.1454545454545455,7
317,Salvon Ahmed,MIA,RB,23,12,0,0,0,0,0,0,54,149,2.76,0,19,12,117,9.75,0,0,0,0,0,0,38.6,91,0,3.2,0.631578947368421,2.031578947368421,66
318,Tavon Austin,JAX,WR,31,13,3,0,0,0,0,0,3,21,7.0,0,37,24,213,8.88,1,1,1,1,0,0,51.4,128,0,4.0,0.6486486486486487,1.3891891891891892,27
319,DJ Chark,JAX,WR,25,4,4,0,0,0,0,0,0,0,0.0,0,22,7,154,22.0,2,0,0,2,0,0,34.4,129,0,8.6,0.3181818181818182,1.5636363636363635,7
320,Jamycal Hasty,SFO,RB,25,11,0,0,0,0,0,0,16,68,4.25,1,29,23,157,6.83,0,2,1,1,0,0,49.5,92,0,4.5,0.7931034482758621,1.706896551724138,39
321,Ray-Ray McCloud,PIT,WR,25,16,5,0,0,0,0,0,2,15,7.5,0,66,39,277,7.1,0,4,1,0,0,0,66.2,130,0,4.1,0.5909090909090909,1.0030303030303032,41
322,Elijhaa Penny,NYG,RB,28,17,3,0,0,0,0,0,24,99,4.13,1,13,9,30,3.33,1,0,0,2,1,0,35.9,90,0,2.1,0.6923076923076923,2.7615384615384615,33
323,James O'Shaughnessy,JAX,TE,29,7,6,0,0,0,0,0,0,0,0.0,0,34,24,244,10.17,0,0,0,0,1,0,50.4,52,0,7.2,0.7058823529411765,1.4823529411764707,24
324,Royce Freeman,2TM,RB,25,15,0,0,0,0,0,0,56,169,3.02,0,16,10,77,7.7,0,0,0,0,0,0,34.6,94,0,2.3,0.625,2.1625,66
325,Trey Sermon,SFO,RB,22,9,2,0,0,0,0,0,41,167,4.07,1,4,3,26,8.67,0,0,0,1,0,0,28.3,93,0,3.1,0.75,7.075,44
326,Maxx Williams,ARI,TE,27,5,5,0,0,0,0,0,0,0,0.0,0,17,16,193,12.06,1,0,0,1,0,0,41.3,53,0,8.3,0.9411764705882353,2.429411764705882,16
327,Tim Boyle,DET,QB,27,5,3,61,94,526,3,6,2,13,6.5,0,0,0,0,0.0,0,1,0,0,0,1,24.3,49,0,4.9,,inf,2
328,Joe Flacco,NYJ,QB,36,2,1,27,42,338,3,0,2,3,1.5,0,0,0,0,0.0,0,1,1,0,0,0,23.8,51,0,11.9,,inf,2
329,Kendall Hinton,DEN,WR,24,16,1,1,1,1,0,0,0,0,0.0,0,23,15,175,11.67,1,0,0,1,0,0,38.5,132,0,2.4,0.6521739130434783,1.673913043478261,15
330,Cooper Rush,DAL,QB,28,5,1,30,47,422,3,1,9,-8,-0.89,0,0,0,0,0.0,0,1,1,0,0,0,24.1,50,0,4.8,,inf,9
331,Ihmir Smith-Marsette,MIN,WR,22,8,1,0,0,0,0,0,0,0,0.0,0,6,5,116,23.2,2,0,0,2,0,0,28.6,131,0,3.6,0.8333333333333334,4.766666666666667,5
332,Brock Wright,DET,TE,23,10,5,0,0,0,0,0,0,0,0.0,0,17,12,117,9.75,2,0,0,2,0,0,35.7,54,0,3.6,0.7058823529411765,2.1,12
333,Stephen Anderson,LAC,TE,28,17,4,0,0,0,0,0,0,0,0.0,0,19,16,165,10.31,1,0,0,1,0,0,38.5,56,0,2.3,0.8421052631578947,2.026315789473684,16
334,Corey Clement,DAL,RB,27,17,0,0,0,0,0,0,33,140,4.24,0,7,6,29,4.83,1,0,0,1,0,0,28.9,95,0,1.7,0.8571428571428571,4.128571428571428,39
335,Tyler Kroft,NYJ,TE,29,9,6,0,0,0,0,0,0,0,0.0,0,25,16,173,10.81,1,0,0,1,0,0,39.3,55,0,4.4,0.64,1.5719999999999998,16
336,Jerick McKinnon,KAN,RB,29,13,0,0,0,0,0,0,12,62,5.17,0,20,13,107,8.23,1,0,0,1,0,0,35.9,96,0,2.8,0.65,1.795,25
337,Adrian Peterson,2TM,RB,36,4,3,0,0,0,0,0,38,98,2.58,2,4,4,8,2.0,0,1,0,2,0,0,26.6,97,0,6.6,1.0,6.65,42
338,Anthony Schwartz,CLE,WR,21,14,2,0,0,0,0,0,6,39,6.5,0,23,10,135,13.5,1,0,0,1,0,0,33.4,133,0,2.4,0.43478260869565216,1.452173913043478,16
339,Tajae Sharpe,ATL,WR,27,15,7,0,0,0,0,0,0,0,0.0,0,37,25,230,9.2,0,0,0,0,0,0,48.0,134,0,3.2,0.6756756756756757,1.2972972972972974,25
340,Albert Wilson,MIA,WR,29,14,5,0,1,0,0,0,4,17,4.25,0,39,25,213,8.52,0,0,0,0,0,0,48.0,135,0,3.4,0.6410256410256411,1.2307692307692308,29
341,Eno Benjamin,ARI,RB,22,9,0,0,0,0,0,0,34,118,3.47,1,7,6,42,7.0,0,0,0,1,0,0,28.0,98,0,3.1,0.8571428571428571,4.0,40
342,Parris Campbell,IND,WR,24,6,3,0,0,0,0,0,0,0,0.0,0,20,10,162,16.2,1,0,0,1,0,0,32.2,137,0,5.4,0.5,1.61,10
343,Blake Jarwin,DAL,TE,27,8,5,0,0,0,0,0,0,0,0.0,0,17,11,96,8.73,2,0,0,2,0,0,32.6,57,0,4.1,0.6470588235294118,1.9176470588235295,11
344,Jermar Jefferson,DET,RB,21,7,0,0,0,0,0,0,15,74,4.93,2,5,4,23,5.75,0,0,0,2,0,0,25.7,99,0,3.7,0.8,5.14,19
345,Breshad Perriman,TAM,WR,28,6,0,0,0,0,0,0,1,-3,-3.0,0,18,11,167,15.18,1,0,0,1,0,0,33.4,136,0,5.6,0.6111111111111112,1.8555555555555554,12
346,Eric Ebron,PIT,TE,28,8,3,0,0,0,0,0,1,1,1.0,1,18,12,84,7.0,1,0,0,2,0,0,32.5,59,0,4.1,0.6666666666666666,1.8055555555555556,13
347,Marcedes Lewis,GNB,TE,37,17,17,0,0,0,0,0,0,0,0.0,0,28,23,214,9.3,0,1,0,0,0,0,44.4,58,0,2.6,0.8214285714285714,1.5857142857142856,23
348,Jordan Love,GNB,QB,23,6,1,36,62,411,2,3,12,27,2.25,0,0,0,0,0.0,0,3,1,0,1,0,21.1,52,0,3.5,,inf,12
349,Malcolm Brown,MIA,RB,28,7,3,0,0,0,0,0,33,125,3.79,1,5,3,10,3.33,0,0,0,1,0,0,22.5,101,0,3.2,0.6,4.5,36
350,O.J. Howard,TAM,TE,27,17,9,0,0,0,0,0,0,0,0.0,0,21,14,135,9.64,1,0,0,1,0,0,33.5,60,0,2.0,0.6666666666666666,1.5952380952380953,14
351,Godwin Igwebuike,DET,RB,27,17,1,0,0,0,0,0,18,118,6.56,1,10,7,60,8.57,0,2,2,1,0,0,26.8,100,0,1.6,0.7,2.68,25
352,James Proche,BAL,WR,25,14,0,0,0,0,0,0,0,0,0.0,0,20,16,202,12.63,0,0,0,0,0,0,36.2,138,0,2.6,0.8,1.81,16
353,JuJu Smith-Schuster,PIT,WR,25,5,5,0,0,0,0,0,3,9,3.0,1,28,15,129,8.6,0,0,0,1,0,0,34.8,139,0,7.0,0.5357142857142857,1.2428571428571427,18
354,Kene Nwangwu,MIN,RB,23,11,0,0,0,0,0,0,13,61,4.69,0,5,4,9,2.25,0,0,0,2,0,0,23.0,103,0,2.1,0.8,4.6,17
355,Ian Thomas,CAR,TE,25,17,13,0,0,0,0,0,0,0,0.0,0,30,18,188,10.44,0,0,0,0,0,0,36.8,62,0,2.2,0.6,1.2266666666666666,18
356,Nick Vannett,NOR,TE,28,7,2,0,0,0,0,0,0,0,0.0,0,15,9,133,14.78,1,0,0,1,0,0,28.3,61,0,4.0,0.6,1.8866666666666667,9
357,James White,NWE,RB,29,3,0,0,0,0,0,0,10,38,3.8,1,14,12,94,7.83,0,0,0,1,0,0,31.2,102,0,10.4,0.8571428571428571,2.2285714285714286,22
358,Jordan Akins,HOU,TE,29,13,3,0,0,0,0,0,1,3,3.0,0,33,24,214,8.92,0,2,2,0,0,0,41.7,63,0,3.2,0.7272727272727273,1.2636363636363637,25
359,Noah Brown,DAL,WR,25,13,1,0,0,0,0,0,0,0,0.0,0,25,16,184,11.5,0,0,0,0,0,0,34.4,140,0,2.6,0.64,1.376,16
360,D'Wayne Eskridge,SEA,WR,24,10,0,0,0,0,0,0,4,59,14.75,0,20,10,64,6.4,1,0,0,1,0,0,28.3,141,0,2.8,0.5,1.415,14
361,KhaDarel Hodge,DET,WR,26,16,1,0,0,0,0,0,0,0,0.0,0,27,13,157,12.08,0,0,0,0,1,0,30.7,142,0,1.9,0.48148148148148145,1.137037037037037,13
362,Mason Rudolph,PIT,QB,26,2,1,35,58,277,1,1,5,53,10.6,0,0,0,0,0.0,0,1,0,0,0,0,18.4,53,0,9.2,,inf,5
363,Mohamed Sanu,SFO,WR,32,8,0,0,0,0,0,0,0,0,0.0,0,24,15,177,11.8,0,0,0,0,0,0,32.7,143,0,4.1,0.625,1.3625,15
364,Nick Foles ,CHI,QB,32,1,1,24,35,250,1,0,4,8,2.0,0,0,0,0,0.0,0,1,0,0,0,1,16.8,54,0,16.8,,inf,4
365,Joe Fortson,KAN,TE,26,6,0,0,0,0,0,0,0,0,0.0,0,5,5,47,9.4,2,0,0,2,0,0,21.7,64,0,3.6,1.0,4.34,5
366,Zach Gentry,PIT,TE,25,17,12,0,0,0,0,0,0,0,0.0,0,25,19,167,8.79,0,0,0,0,0,0,35.7,65,0,2.1,0.76,1.4280000000000002,19
367,Tony Jones,NOR,RB,24,11,4,0,0,0,0,0,54,142,2.63,0,8,5,29,5.8,0,0,0,0,0,0,22.1,104,0,2.0,0.625,2.7625,59
368,Austin Walter,NYJ,RB,25,4,0,0,0,0,0,0,26,101,3.88,1,3,2,9,4.5,0,0,0,1,0,0,19.0,105,0,4.8,0.6666666666666666,6.333333333333333,28
369,Jonathan Williams,WAS,RB,27,5,0,0,0,0,0,0,17,79,4.65,1,6,4,28,7.0,0,0,0,1,0,0,20.7,106,0,4.1,0.6666666666666666,3.4499999999999997,21
370,Dyami Brown,WAS,WR,22,15,6,0,0,0,0,0,1,-4,-4.0,0,25,12,165,13.75,0,0,0,0,0,0,28.1,146,0,1.9,0.48,1.124,13
371,C.J. Ham,MIN,RB,28,17,8,0,0,0,0,0,7,34,4.86,0,18,17,125,7.35,0,0,0,0,0,0,32.9,107,0,1.9,0.9444444444444444,1.8277777777777777,24
372,N'Keal Harry,NWE,WR,24,12,4,0,0,0,0,0,0,0,0.0,0,22,12,184,15.33,0,1,1,0,0,0,28.4,144,0,2.4,0.5454545454545454,1.2909090909090908,12
373,Marcus Johnson,TEN,WR,27,7,3,0,0,0,0,0,2,-2,-1.0,0,19,9,160,17.78,0,0,0,0,0,0,24.8,147,0,3.5,0.47368421052631576,1.305263157894737,11
374,Terrace Marshall Jr.,CAR,WR,21,13,3,0,0,0,0,0,0,0,0.0,0,30,17,138,8.12,0,0,0,0,1,0,32.8,148,0,2.5,0.5666666666666667,1.0933333333333333,17
375,Qadree Ollison,ATL,RB,25,8,0,0,0,0,0,0,21,105,5.0,1,6,4,12,3.0,0,1,1,1,0,0,19.7,108,0,2.5,0.6666666666666666,3.283333333333333,25
376,Kristian Wilkerson,NWE,WR,24,3,1,0,0,0,0,0,0,0,0.0,0,8,4,42,10.5,2,0,0,2,0,0,20.2,145,0,6.7,0.5,2.525,4
377,Pharaoh Brown,HOU,TE,27,15,12,0,0,0,0,0,0,0,0.0,0,34,23,171,7.43,0,1,1,0,0,0,38.1,66,0,2.5,0.6764705882352942,1.1205882352941177,23
378,Alec Ingold,LVR,RB,25,9,3,0,0,0,0,0,2,1,0.5,0,12,10,85,8.5,1,0,0,1,0,0,24.6,110,0,2.7,0.8333333333333334,2.0500000000000003,12
379,Marcus Mariota,LVR,QB,28,10,0,1,2,4,0,0,13,87,6.69,1,0,0,0,0.0,0,1,0,1,0,0,14.9,55,0,1.5,,inf,13
380,Dante Pettis,NYG,WR,26,3,0,1,1,16,0,0,0,0,0.0,0,16,10,87,8.7,1,1,0,1,0,0,25.3,149,0,8.4,0.625,1.58125,10
381,Larry Rountree,LAC,RB,22,12,0,0,0,0,0,0,36,87,2.42,1,2,1,-1,-1.0,0,0,0,1,0,0,15.6,111,0,1.3,0.5,7.8,37
382,Trent Sherfield,SFO,WR,25,17,1,0,0,0,0,0,0,0,0.0,0,20,9,87,9.67,1,0,0,1,0,0,23.7,150,0,1.4,0.45,1.185,9
383,J.J. Taylor,NWE,RB,23,5,0,0,0,0,0,0,19,37,1.95,2,4,4,8,2.0,0,1,1,2,0,0,18.5,112,0,3.7,1.0,4.625,23
384,Patrick Taylor,GNB,RB,23,9,0,0,0,0,0,0,23,89,3.87,1,2,2,3,1.5,0,0,0,1,0,0,17.2,109,0,1.9,1.0,8.6,25
385,Brandon Allen,CIN,QB,29,6,1,17,34,149,2,0,7,-1,-0.14,0,0,0,0,0.0,0,1,0,0,0,0,13.9,56,0,2.3,,inf,7
386,Jesper Horsted,CHI,TE,24,7,0,0,0,0,0,0,0,0,0.0,0,3,2,21,10.5,2,0,0,2,0,0,16.1,67,0,2.3,0.6666666666666666,5.366666666666667,2
387,Scott Miller,TAM,WR,24,9,0,0,0,0,0,0,2,43,21.5,1,9,5,38,7.6,0,0,0,1,0,0,19.1,151,0,2.1,0.5555555555555556,2.1222222222222222,7
388,Ty Montgomery,NOR,WR,28,14,3,0,0,0,0,0,15,44,2.93,0,26,16,95,5.94,0,0,0,0,0,0,29.9,152,0,2.1,0.6153846153846154,1.15,31
389,P.J. Walker,CAR,QB,26,5,1,36,66,362,1,3,7,13,1.86,0,0,0,0,0.0,0,3,1,0,0,1,13.8,57,0,2.8,,inf,7
390,Wayne Gallman,2TM,RB,27,8,0,0,0,0,0,0,28,104,3.71,0,3,1,21,21.0,0,0,0,0,0,0,13.5,114,0,1.7,0.3333333333333333,4.5,29
391,Chris Manhertz,JAX,TE,29,17,10,0,0,0,0,0,0,0,0.0,0,9,6,71,11.83,1,0,0,1,0,0,19.1,68,0,1.1,0.6666666666666666,2.1222222222222222,6
392,Sean Mannion,MIN,QB,29,1,1,22,36,189,1,0,2,14,7.0,0,0,0,0,0.0,0,0,0,0,0,0,13.0,58,0,13.0,,inf,2
393,Denzel Mims,NYJ,WR,24,11,3,0,0,0,0,0,0,0,0.0,0,23,8,133,16.63,0,0,0,0,0,0,21.3,153,0,1.9,0.34782608695652173,0.9260869565217391,8
394,Patrick Ricard,BAL,RB,27,13,11,0,0,0,0,0,2,4,2.0,0,13,8,63,7.88,1,0,0,1,0,0,20.7,113,0,1.6,0.6153846153846154,1.5923076923076922,10
395,Ben Skowronek,LAR,WR,24,14,1,0,0,0,0,0,0,0,0.0,0,20,11,133,12.09,0,0,0,0,0,0,24.3,154,0,1.7,0.55,1.215,11
396,Lee Smith,ATL,TE,34,16,6,0,0,0,0,0,0,0,0.0,0,11,9,65,7.22,1,0,0,1,0,0,21.5,69,0,1.3,0.8181818181818182,1.9545454545454546,9
397,Kenny Stills,NOR,WR,29,13,4,0,0,0,0,0,1,1,1.0,0,23,6,68,11.33,1,0,0,1,0,0,18.9,155,0,1.5,0.2608695652173913,0.8217391304347825,7
398,Michael Burton,KAN,RB,29,16,0,0,0,0,0,0,8,26,3.25,1,3,3,31,10.33,0,0,0,1,0,0,14.7,116,0,0.9,1.0,4.8999999999999995,11
399,Jacob Hollister,JAX,TE,28,7,2,0,0,0,0,0,0,0,0.0,0,14,9,55,6.11,1,0,0,1,0,0,20.5,71,0,2.9,0.6428571428571429,1.4642857142857142,9
400,Brian Hoyer,NWE,QB,36,5,0,9,11,227,1,0,11,-8,-0.73,0,0,0,0,0.0,0,0,0,0,0,0,12.3,59,0,2.5,,inf,11
401,Jesse James,CHI,TE,27,14,9,0,0,0,0,0,0,0,0.0,0,8,7,62,8.86,1,0,0,1,0,0,19.2,70,0,1.4,0.875,2.4,7
402,Joshua Kelley,LAC,RB,24,10,0,0,0,0,0,0,33,102,3.09,0,6,5,38,7.6,0,1,1,0,0,0,17.0,115,0,1.7,0.8333333333333334,2.8333333333333335,38
403,Tom Kennedy,DET,WR,25,12,0,1,1,75,1,0,0,0,0.0,0,10,6,54,9.0,0,0,0,0,0,0,18.4,156,0,1.5,0.6,1.8399999999999999,6
404,Antony Auclair,HOU,TE,28,16,13,0,0,0,0,0,0,0,0.0,0,5,5,47,9.4,1,0,0,1,0,0,15.7,74,0,1.0,1.0,3.1399999999999997,5
405,Phillip Dorsett,3TM,WR,28,6,0,0,0,0,0,0,1,0,0.0,0,14,7,110,15.71,0,0,0,0,0,0,18.0,159,0,3.0,0.5,1.2857142857142858,8
406,Ross Dwelley,SFO,TE,26,17,2,0,0,0,0,0,0,0,0.0,0,5,4,51,12.75,1,0,0,1,0,0,15.1,72,0,0.9,0.8,3.02,4
407,Dez Fitzpatrick,TEN,WR,24,4,0,0,0,0,0,0,0,0,0.0,0,8,5,49,9.8,1,0,0,1,0,0,15.9,160,0,4.0,0.625,1.9875,5
408,Jake Fromm,NYG,QB,23,3,2,27,60,210,1,3,8,65,8.13,0,0,0,0,0.0,0,2,1,0,0,0,10.9,60,0,3.6,,inf,8
409,Kylen Granson,IND,TE,23,17,0,0,0,0,0,0,0,0,0.0,0,15,11,106,9.64,0,0,0,0,0,0,21.6,76,0,1.3,0.7333333333333333,1.4400000000000002,11
410,Collin Johnson,NYG,WR,24,12,1,0,0,0,0,0,0,0,0.0,0,21,11,105,9.55,0,0,0,0,0,0,21.5,161,0,1.8,0.5238095238095238,1.0238095238095237,11
411,Marlon Mack,IND,RB,25,6,0,0,0,0,0,0,28,101,3.61,0,5,2,8,4.0,0,0,0,0,0,0,12.9,119,0,2.2,0.4,2.58,30
412,Jalen Richard,LVR,RB,28,10,0,0,0,0,0,0,9,40,4.44,0,14,12,72,6.0,0,0,0,0,0,0,23.2,117,0,2.3,0.8571428571428571,1.657142857142857,21
413,Eric Saubert,DEN,TE,27,17,4,0,0,0,0,0,0,0,0.0,0,12,8,47,5.88,1,0,0,1,0,0,18.7,75,0,1.1,0.6666666666666666,1.5583333333333333,8
414,Adam Shaheen,MIA,TE,27,12,7,0,0,0,0,0,0,0,0.0,0,16,12,110,9.17,0,0,0,0,0,0,23.0,73,0,1.9,0.75,1.4375,12
415,Jeff Smith,NYJ,WR,24,12,3,0,0,0,0,0,1,-1,-1.0,0,17,8,113,14.13,0,0,0,0,0,0,19.2,157,0,1.6,0.47058823529411764,1.1294117647058823,9
416,Benny Snell Jr.,PIT,RB,23,17,0,0,0,0,0,0,36,98,2.72,0,4,2,13,6.5,0,0,0,0,0,0,13.1,118,0,0.8,0.5,3.275,38
417,Equanimeous St. Brown,GNB,WR,25,13,2,0,0,0,0,0,3,14,4.67,0,17,9,98,10.89,0,0,0,0,0,0,20.2,158,0,1.6,0.5294117647058824,1.188235294117647,12
418,Ryquell Armstead,JAX,RB,25,2,0,0,0,0,0,0,15,80,5.33,0,4,3,16,5.33,0,0,0,0,0,0,12.6,121,0,6.3,0.75,3.15,18
419,Blake Bell,KAN,TE,30,16,5,0,0,0,0,0,4,10,2.5,0,13,9,87,9.67,0,0,0,0,0,0,18.7,79,0,1.2,0.6923076923076923,1.4384615384615385,13
420,Trinity Benson,DET,WR,24,8,2,0,0,0,0,0,0,0,0.0,0,22,10,103,10.3,0,0,0,0,0,0,20.3,162,0,2.5,0.45454545454545453,0.9227272727272727,10
421,Jason Cabinda,DET,RB,25,14,4,0,0,0,0,0,3,23,7.67,0,7,4,16,4.0,1,0,0,1,0,0,13.9,120,0,1.0,0.5714285714285714,1.9857142857142858,7
422,Noah Gray,KAN,TE,22,16,1,0,0,0,0,0,0,0,0.0,0,10,7,36,5.14,1,0,0,1,0,0,16.6,80,0,1.0,0.7,1.6600000000000001,7
423,Chris Herndon,MIN,TE,25,16,5,0,0,0,0,0,0,0,0.0,0,7,4,40,10.0,1,0,0,1,0,0,14.0,78,0,0.9,0.5714285714285714,2.0,4
424,Chris Hogan,NOR,WR,34,5,1,0,0,0,0,0,0,0,0.0,0,8,4,41,10.25,1,0,0,1,0,0,14.1,163,0,2.8,0.5,1.7625,4
425,Nick Mullens,CLE,QB,26,1,1,20,30,147,1,0,0,0,0.0,0,0,0,0,0.0,0,0,0,0,0,0,9.9,61,0,9.9,,inf,0
426,Shi Smith,CAR,WR,23,6,0,0,0,0,0,0,1,-3,-3.0,0,11,6,104,17.33,0,0,0,0,0,0,16.1,164,0,2.7,0.5454545454545454,1.4636363636363638,7
427,Tommy Sweeney,BUF,TE,26,13,3,0,0,0,0,0,0,0,0.0,0,12,9,44,4.89,1,1,0,1,0,0,19.4,77,0,1.5,0.75,1.6166666666666665,9
428,Auden Tate,CIN,WR,24,7,0,0,0,0,0,0,0,0,0.0,0,4,3,39,13.0,1,0,0,1,0,0,12.9,165,0,1.8,0.75,3.225,3
429,Cameron Batson,TEN,WR,26,4,0,0,0,0,0,0,2,15,7.5,0,5,2,15,7.5,1,0,0,1,0,0,11.0,167,0,2.8,0.4,2.2,4
430,Josh Gordon,KAN,WR,30,12,7,0,0,0,0,0,0,0,0.0,0,14,5,32,6.4,1,0,0,1,0,0,14.2,166,0,1.2,0.35714285714285715,1.0142857142857142,5
431,JaQuan Hardy,DAL,RB,24,3,0,0,0,0,0,0,4,29,7.25,1,0,0,0,0.0,0,0,0,1,0,0,8.9,123,0,3.0,,inf,4
432,Deon Jackson,IND,RB,22,9,0,0,0,0,0,0,13,31,2.38,1,0,0,0,0.0,0,0,0,1,0,0,9.1,122,0,1.0,,inf,13
433,Andy Janovich,CLE,RB,28,13,3,0,0,0,0,0,2,0,0.0,1,4,3,9,3.0,0,0,0,1,1,0,11.9,124,0,0.9,0.75,2.975,5
434,Sean McKeon,DAL,TE,24,9,2,0,0,0,0,0,0,0,0.0,0,6,4,27,6.75,1,0,0,1,0,0,12.7,81,0,1.4,0.6666666666666666,2.1166666666666667,4
435,Anthony Miller,2TM,WR,27,3,1,0,0,0,0,0,0,0,0.0,0,12,6,25,4.17,1,0,0,1,0,0,14.5,168,0,4.8,0.5,1.2083333333333333,6
436,Keith Smith,ATL,RB,29,17,8,0,0,0,0,0,9,31,3.44,0,10,9,56,6.22,0,0,0,0,0,0,17.7,125,0,1.0,0.9,1.77,18
437,Kyle Allen,WAS,QB,25,2,0,12,19,120,1,0,2,11,5.5,0,0,0,0,0.0,0,1,1,0,0,0,7.9,63,0,4.0,,inf,2
438,Alex Armah,2TM,RB,27,11,2,0,0,0,0,0,5,21,4.2,0,1,1,1,1.0,1,0,0,1,0,0,9.2,126,0,0.8,1.0,9.2,6
439,Garrett Gilbert,WAS,QB,30,1,1,20,31,194,0,0,0,0,0.0,0,0,0,0,0.0,0,1,0,0,0,0,7.8,64,0,7.8,,inf,0
440,Tyree Jackson,PHI,TE,24,9,3,0,0,0,0,0,0,0,0.0,0,7,3,22,7.33,1,0,0,1,0,0,11.2,82,0,1.2,0.42857142857142855,1.5999999999999999,3
441,Chris Myarick,NYG,TE,26,8,3,0,0,0,0,0,0,0,0.0,0,6,3,17,5.67,1,0,0,1,0,0,10.7,84,0,1.3,0.5,1.7833333333333332,3
442,Dezmon Patmon,IND,WR,23,8,0,0,0,0,0,0,0,0,0.0,0,4,2,21,10.5,1,0,0,1,0,0,10.1,169,0,1.3,0.5,2.525,2
443,Drew Sample,CIN,TE,25,17,8,0,0,0,0,0,0,0,0.0,0,15,11,81,7.36,0,0,0,0,0,0,19.1,83,0,1.1,0.7333333333333333,1.2733333333333334,11
444,Mitchell Trubisky,BUF,QB,27,6,0,6,8,43,0,1,13,24,1.85,1,0,0,0,0.0,0,0,0,1,0,0,8.1,62,0,1.3,,inf,13
445,Preston Williams,MIA,WR,24,8,3,0,0,0,0,0,1,7,7.0,0,16,6,71,11.83,0,0,0,0,0,0,13.8,170,0,1.7,0.375,0.8625,7
446,KJ Hamler,DEN,WR,22,3,2,0,0,0,0,0,0,0,0.0,0,10,5,74,14.8,0,0,0,0,0,0,12.4,171,0,4.1,0.5,1.24,5
447,Josh Oliver,BAL,TE,24,14,1,0,0,0,0,0,0,0,0.0,0,15,9,66,7.33,0,1,0,0,0,0,15.6,85,0,1.1,0.6,1.04,9
448,Andre Roberts,2TM,WR,33,16,0,0,0,0,0,0,3,19,6.33,0,2,1,35,35.0,0,3,2,1,0,0,8.4,172,0,0.5,0.5,4.2,4
449,Johnny Stanton,CLE,RB,27,4,0,0,0,0,0,0,3,5,1.67,0,2,2,7,3.5,1,0,0,1,0,0,9.2,127,0,2.3,1.0,4.6,5
450,Jonathan Ward,ARI,RB,24,13,0,0,0,0,0,0,9,33,3.67,0,4,3,34,11.33,0,0,0,0,0,0,9.7,128,0,0.7,0.75,2.425,12
451,Dede Westbrook,MIN,WR,28,15,0,0,0,0,0,0,0,0,0.0,0,15,10,68,6.8,0,2,0,0,0,0,16.8,173,0,1.1,0.6666666666666666,1.12,10
452,C.J. Board,NYG,WR,28,6,1,0,0,0,0,0,1,6,6.0,0,6,4,51,12.75,0,0,0,0,0,0,9.7,178,0,1.6,0.6666666666666666,1.6166666666666665,5
453,Mike Boone,DEN,RB,26,8,0,0,0,0,0,0,4,35,8.75,0,2,2,22,11.0,0,0,0,0,0,0,7.7,130,0,1.0,1.0,3.85,6
454,Ja'Marcus Bradley,CLE,WR,25,5,0,0,0,0,0,0,0,0,0.0,0,4,4,64,16.0,0,0,0,0,0,0,10.4,174,0,2.1,1.0,2.6,4
455,Alex Erickson,CAR,WR,29,17,0,0,0,0,0,0,0,0,0.0,0,4,3,55,18.33,0,0,0,0,0,0,8.5,181,0,0.5,0.75,2.125,3
456,Luke Farrell,JAX,TE,24,15,4,0,0,0,0,0,0,0,0.0,0,11,7,56,8.0,0,1,0,0,0,0,12.6,86,0,0.8,0.6363636363636364,1.1454545454545455,7
457,Penny Hart,SEA,WR,25,17,0,0,0,0,0,0,0,0,0.0,0,12,7,59,8.43,0,0,0,0,0,0,12.9,177,0,0.8,0.5833333333333334,1.075,7
458,Dax Milne,WAS,WR,22,13,1,0,0,0,0,0,1,1,1.0,0,14,9,83,9.22,0,1,1,0,0,0,15.4,175,0,1.2,0.6428571428571429,1.1,10
459,Jason Moore,LAC,WR,26,2,1,0,0,0,0,0,0,0,0.0,0,4,3,56,18.67,0,0,0,0,0,0,8.6,179,0,4.3,0.75,2.15,3
460,Brandon Powell,LAR,0,26,6,0,0,0,0,0,0,0,0,0.0,0,0,0,0,0.0,0,0,0,1,0,0,6.0,176,0,1.0,,inf,0
461,Amari Rodgers,GNB,WR,22,16,1,0,0,0,0,0,1,11,11.0,0,8,4,45,11.25,0,2,0,0,0,0,9.6,180,0,0.6,0.5,1.2,5
462,Ito Smith,DAL,RB,26,1,0,0,0,0,0,0,1,4,4.0,1,0,0,0,0.0,0,0,0,1,0,0,6.4,129,0,6.4,,inf,1
463,Trayveon Williams,CIN,RB,24,5,0,0,0,0,0,0,15,51,3.4,0,2,1,4,4.0,0,0,0,0,0,0,6.5,131,0,1.3,0.5,3.25,16
464,Jaelon Darden,TAM,WR,22,9,0,0,0,0,0,0,1,11,11.0,0,12,6,43,7.17,0,0,0,0,0,0,11.4,182,0,1.3,0.5,0.9500000000000001,7
465,Will Fuller,MIA,WR,27,2,0,0,0,0,0,0,0,0,0.0,0,8,4,26,6.5,0,0,0,0,1,0,8.6,184,0,4.3,0.5,1.075,4
466,Jason Huntley,PHI,RB,23,1,0,0,0,0,0,0,13,51,3.92,0,1,0,0,0.0,0,0,0,0,0,0,5.1,132,0,5.1,0.0,5.1,13
467,Tre' McKitty,LAC,TE,22,11,4,0,0,0,0,0,0,0,0.0,0,8,6,45,7.5,0,0,0,0,0,0,10.5,88,0,1.0,0.75,1.3125,6
468,Wendell Smallwood,WAS,RB,27,3,0,0,0,0,0,0,5,25,5.0,0,5,4,22,5.5,0,0,0,0,0,0,8.7,134,0,2.9,0.8,1.7399999999999998,9
469,Rodney Smith,CAR,RB,25,2,0,0,0,0,0,0,0,0,0.0,0,5,5,48,9.6,0,0,0,0,0,0,9.8,133,0,4.9,1.0,1.9600000000000002,5
470,Mike Thomas,CIN,WR,27,12,1,0,0,0,0,0,0,0,0.0,0,11,5,52,10.4,0,0,0,0,0,0,10.2,183,0,0.8,0.45454545454545453,0.9272727272727272,5
471,Charlie Woerner,SFO,TE,24,17,3,0,0,0,0,0,0,0,0.0,0,6,5,52,10.4,0,0,0,0,0,0,10.2,87,0,0.6,0.8333333333333334,1.7,5
472,JJ Arcega-Whiteside,PHI,WR,25,16,2,0,0,0,0,0,0,0,0.0,0,5,2,36,18.0,0,0,0,0,0,0,5.6,192,0,0.4,0.4,1.1199999999999999,2
473,Kalen Ballage,PIT,RB,26,17,0,0,0,0,0,0,12,36,3.0,0,7,2,8,4.0,0,0,0,0,0,0,6.4,135,0,0.4,0.2857142857142857,0.9142857142857144,14
474,Kendall Blanton,LAR,TE,26,11,2,0,0,0,0,0,0,0,0.0,0,7,4,37,9.25,0,1,0,0,0,0,7.7,92,0,0.7,0.5714285714285714,1.1,4
475,Pharoh Cooper,NYG,WR,26,8,0,0,0,0,0,0,1,3,3.0,0,11,4,33,8.25,0,0,0,0,0,0,7.6,193,0,1.0,0.36363636363636365,0.6909090909090909,5
476,Tyler Davis,GNB,TE,24,14,0,0,0,0,0,0,0,0,0.0,0,5,4,35,8.75,0,0,0,0,0,0,7.5,94,0,0.5,0.8,1.5,4
477,Greg Dortch,ARI,WR,23,5,2,0,0,0,0,0,1,24,24.0,0,3,3,15,5.0,0,0,0,0,0,0,6.9,187,0,1.4,1.0,2.3000000000000003,4
478,Darren Fells,2TM,TE,35,9,5,0,0,0,0,0,0,0,0.0,0,5,4,43,10.75,0,0,0,0,0,0,8.3,89,0,0.9,0.8,1.6600000000000001,4
479,Garrett Griffin,NOR,TE,27,13,6,0,0,0,0,0,0,0,0.0,0,4,4,39,9.75,0,1,0,0,0,0,7.9,91,0,0.6,1.0,1.975,4
480,Parker Hesse,ATL,TE,26,8,1,0,0,0,0,0,0,0,0.0,0,6,5,43,8.6,0,0,0,0,0,0,9.3,90,0,1.2,0.8333333333333334,1.55,5
481,Jakob Johnson,NWE,RB,27,17,6,0,0,0,0,0,0,0,0.0,0,5,4,43,10.75,0,0,0,0,0,0,8.3,136,0,0.5,0.8,1.6600000000000001,4
482,D.J. Montgomery,NYJ,WR,25,3,0,0,0,0,0,0,0,0,0.0,0,6,3,36,12.0,0,0,0,0,0,0,6.6,194,0,2.2,0.5,1.0999999999999999,3
483,Gunner Olszewski,NWE,WR,25,16,0,0,0,0,0,0,1,9,9.0,0,3,2,31,15.5,0,3,0,0,0,0,6.0,186,0,0.4,0.6666666666666666,2.0,3
484,Curtis Samuel,WAS,WR,25,5,1,0,0,0,0,0,4,11,2.75,0,9,6,27,4.5,0,0,0,0,0,0,9.8,188,0,2.0,0.6666666666666666,1.088888888888889,10
485,Willie Snead,2TM,WR,29,9,0,0,0,0,0,0,0,0,0.0,0,8,4,38,9.5,0,0,0,0,0,0,7.8,189,0,0.9,0.5,0.975,4
486,Trent Taylor,CIN,WR,27,4,0,0,0,0,0,0,0,0,0.0,0,3,2,41,20.5,0,0,0,0,0,0,6.1,185,0,1.5,0.6666666666666666,2.033333333333333,2
487,Trevon Wesco,NYJ,TE,26,12,7,0,0,0,0,0,0,0,0.0,0,5,3,35,11.67,0,0,0,0,0,0,6.5,95,0,0.5,0.6,1.3,3
488,Kevin White,NOR,WR,29,6,1,0,0,0,0,0,0,0,0.0,0,5,1,38,38.0,0,0,0,0,0,0,4.8,190,0,0.8,0.2,0.96,1
489,Juwann Winfree,GNB,WR,25,7,0,0,0,0,0,0,0,0,0.0,0,13,8,58,7.25,0,2,1,0,0,0,11.8,191,0,1.7,0.6153846153846154,0.9076923076923078,8
490,Kenny Yeboah,NYJ,TE,23,9,0,0,0,0,0,0,0,0,0.0,0,3,2,36,18.0,0,0,0,0,0,0,5.6,93,0,0.6,0.6666666666666666,1.8666666666666665,2
491,Christian Blake,ATL,WR,25,16,0,0,0,0,0,0,0,0,0.0,0,9,4,25,6.25,0,0,0,0,0,0,6.5,203,0,0.4,0.4444444444444444,0.7222222222222222,4
492,Daniel Brown,NYJ,WR,29,12,0,0,0,0,0,0,0,0,0.0,0,2,2,29,14.5,0,0,0,0,0,0,4.9,200,0,0.4,1.0,2.45,2
493,Dominique Dafney,GNB,TE,24,10,2,0,0,0,0,0,0,0,0.0,0,4,2,34,17.0,0,0,0,0,0,0,5.4,96,0,0.5,0.5,1.35,2
494,Reggie Gilliam,BUF,RB,24,16,5,0,0,0,0,0,3,3,1.0,0,5,3,23,7.67,0,0,0,0,0,0,5.6,140,0,0.4,0.6,1.1199999999999999,6
495,Chad Henne,KAN,QB,36,4,0,11,16,82,0,0,8,0,0.0,0,0,0,0,0.0,0,2,0,0,0,0,3.3,65,0,0.8,,inf,8
496,K.J. Hill,LAC,WR,24,6,0,0,0,0,0,0,0,0,0.0,0,3,3,30,10.0,0,0,0,0,0,0,6.0,199,0,1.0,1.0,2.0,3
497,Kylin Hill,GNB,RB,23,8,0,0,0,0,0,0,10,24,2.4,0,2,1,5,5.0,0,0,0,0,0,0,3.9,138,0,0.5,0.5,1.95,11
498,Cody Hollister,TEN,WR,28,3,1,0,0,0,0,0,0,0,0.0,0,7,4,33,8.25,0,0,0,0,0,0,7.3,197,0,2.4,0.5714285714285714,1.042857142857143,4
499,Tommy Hudson,TEN,TE,24,5,0,0,0,0,0,0,0,0,0.0,0,6,3,31,10.33,0,0,0,0,0,0,6.1,100,0,1.2,0.5,1.0166666666666666,3
500,Trenton Irwin,CIN,WR,26,7,0,0,0,0,0,0,0,0,0.0,0,5,2,34,17.0,0,0,0,0,0,0,5.4,195,0,0.8,0.4,1.08,2
501,Jake Kumerow,BUF,WR,29,15,2,0,0,0,0,0,0,0,0.0,0,6,2,28,14.0,0,0,0,0,0,0,4.8,201,0,0.3,0.3333333333333333,0.7999999999999999,2
502,Gabe Nabers,LAC,RB,24,10,1,0,0,0,0,0,3,8,2.67,0,3,3,17,5.67,0,0,0,0,0,0,5.5,141,0,0.6,1.0,1.8333333333333333,6
503,Colby Parkinson,SEA,TE,22,14,1,0,0,0,0,0,0,0,0.0,0,8,5,33,6.6,0,0,0,0,0,0,8.3,98,0,0.6,0.625,1.0375,5
504,La'Mical Perine,NYJ,RB,23,4,0,0,0,0,0,0,8,31,3.88,0,0,0,0,0.0,0,0,0,0,0,0,3.1,137,0,0.8,,inf,8
505,Kaden Smith,NYG,TE,24,9,4,0,0,0,0,0,0,0,0.0,0,3,3,33,11.0,0,0,0,0,0,0,6.3,99,0,0.7,1.0,2.1,3
506,Jeremy Sprinkle,DAL,TE,27,17,4,0,0,0,0,0,0,0,0.0,0,3,3,31,10.33,0,0,0,0,0,0,6.1,101,0,0.4,1.0,2.033333333333333,3
507,Mike Strachan,IND,WR,24,6,0,0,0,0,0,0,0,0,0.0,0,3,2,26,13.0,0,0,0,0,0,0,4.6,202,0,0.8,0.6666666666666666,1.5333333333333332,2
508,Dwayne Washington,NOR,RB,27,14,0,0,0,0,0,0,4,16,4.0,0,2,2,12,6.0,0,0,0,0,0,0,4.8,139,0,0.3,1.0,2.4,6
509,Cody White,PIT,WR,23,15,0,0,0,0,0,0,0,0,0.0,0,6,5,33,6.6,0,0,0,0,0,0,8.3,198,0,0.6,0.8333333333333334,1.3833333333333335,5
510,Seth Williams,DEN,WR,21,2,1,0,0,0,0,0,0,0,0.0,0,1,1,34,34.0,0,0,0,0,0,0,4.4,196,0,2.2,1.0,4.4,1
511,Shane Zylstra,DET,TE,25,4,0,0,0,0,0,0,0,0,0.0,0,7,3,34,11.33,0,0,0,0,0,0,6.4,97,0,1.6,0.42857142857142855,0.9142857142857144,3
512,Nick Bawden,NYJ,RB,25,9,1,0,0,0,0,0,0,0,0.0,0,1,1,20,20.0,0,0,0,0,0,0,3.0,146,0,0.3,1.0,3.0,1
513,C.J. Beathard,JAX,QB,28,2,0,2,2,33,0,0,1,2,2.0,0,0,0,0,0.0,0,0,0,0,0,0,1.5,69,0,0.8,,inf,1
514,Reggie Bonnafon,CAR,RB,25,4,0,0,0,0,0,0,1,4,4.0,0,2,2,12,6.0,0,0,0,0,0,0,3.6,149,0,0.9,1.0,1.8,3
515,Ian Book,NOR,QB,23,1,1,12,20,135,0,2,3,6,2.0,0,0,0,0,0.0,0,0,0,0,0,0,2.0,67,0,2.0,,inf,3
516,Cethan Carter,MIA,TE,26,16,1,0,0,0,0,0,0,0,0.0,0,2,2,16,8.0,0,0,0,0,0,0,3.6,103,0,0.2,1.0,1.8,2
517,Davion Davis,HOU,WR,25,2,1,0,0,0,0,0,0,0,0.0,0,3,1,17,17.0,0,0,0,0,0,0,2.7,207,0,1.4,0.3333333333333333,0.9,1
518,Darrynton Evans,TEN,RB,23,1,0,0,0,0,0,0,2,7,3.5,0,2,2,11,5.5,0,0,0,0,0,0,3.8,148,0,3.8,1.0,1.9,4
519,Blaine Gabbert,TAM,QB,32,6,0,7,11,67,0,0,9,-7,-0.78,0,0,0,0,0.0,0,0,0,0,0,0,2.0,68,0,0.3,,inf,9
520,Tyron Johnson,2TM,WR,25,10,0,0,0,0,0,0,0,0,0.0,0,5,2,16,8.0,0,0,0,0,0,0,3.6,210,0,0.4,0.4,0.72,2
521,Marcus Kemp,KAN,WR,26,16,0,0,0,0,0,0,0,0,0.0,0,5,2,24,12.0,0,0,0,0,0,0,4.4,204,0,0.3,0.4,0.8800000000000001,2
522,Keith Kirkwood,CAR,WR,27,3,0,0,0,0,0,0,0,0,0.0,0,7,3,17,5.67,0,0,0,0,0,0,4.7,208,0,1.6,0.42857142857142855,0.6714285714285715,3
523,Patrick Laird,MIA,RB,26,6,0,0,0,0,0,0,1,4,4.0,0,3,3,17,5.67,0,0,0,0,0,0,5.1,144,0,0.8,1.0,1.7,4
524,Raheem Mostert,SFO,RB,29,1,1,0,0,0,0,0,2,20,10.0,0,0,0,0,0.0,0,0,0,0,0,0,2.0,147,0,2.0,,inf,2
525,Dazz Newsome,CHI,WR,22,3,1,0,0,0,0,0,0,0,0.0,0,5,2,23,11.5,0,0,0,0,0,0,4.3,205,0,1.4,0.4,0.86,2
526,Scottie Phillips,HOU,RB,24,3,0,0,0,0,0,0,6,13,2.17,0,3,2,9,4.5,0,0,0,0,0,0,4.2,143,0,1.4,0.6666666666666666,1.4000000000000001,8
527,Adam Prentice,NOR,RB,24,7,3,0,0,0,0,0,3,5,1.67,0,3,3,16,5.33,0,0,0,0,0,0,5.1,145,0,0.7,1.0,1.7,6
528,Trey Ragas,LVR,RB,25,1,0,0,0,0,0,0,1,9,9.0,0,2,2,6,3.0,0,0,0,0,0,0,3.5,151,0,3.5,1.0,1.75,3
529,Jaylen Samuels,HOU,RB,25,3,0,0,0,0,0,0,5,9,1.8,0,4,3,14,4.67,0,0,0,0,0,0,5.3,142,0,1.8,0.75,1.325,8
530,David Sills,NYG,WR,25,4,1,0,0,0,0,0,0,0,0.0,0,6,2,17,8.5,0,0,0,0,0,0,3.7,209,0,0.9,0.3333333333333333,0.6166666666666667,2
531,Jack Stoll,PHI,TE,23,16,5,0,0,0,0,0,0,0,0.0,0,5,4,22,5.5,0,0,0,0,0,0,6.2,102,0,0.4,0.8,1.24,4
532,Chris Streveler,ARI,QB,26,2,0,6,9,36,0,0,3,6,2.0,0,0,0,0,0.0,0,1,0,0,0,0,2.0,66,0,1.0,,inf,3
533,Tylan Wallace,BAL,WR,22,17,1,0,0,0,0,0,0,0,0.0,0,6,2,23,11.5,0,0,0,0,0,0,4.3,206,0,0.3,0.3333333333333333,0.7166666666666667,2
534,Derek Watt,PIT,RB,29,17,4,0,0,0,0,0,1,1,1.0,0,3,3,15,5.0,0,0,0,0,0,0,4.6,150,0,0.3,1.0,1.5333333333333332,4
535,Mitchell Wilcox,CIN,TE,25,15,1,0,0,0,0,0,0,0,0.0,0,5,3,16,5.33,0,0,0,0,0,0,4.6,104,0,0.3,0.6,0.9199999999999999,3
536,Cam Akers,LAR,RB,22,1,0,0,0,0,0,0,5,3,0.6,0,3,3,10,3.33,0,0,0,0,0,0,4.3,153,0,4.3,1.0,1.4333333333333333,8
537,Tarik Black,NYJ,WR,23,1,0,0,0,0,0,0,0,0,0.0,0,2,1,10,10.0,0,0,0,0,0,0,2.0,217,0,2.0,0.5,1.0,1
538,David Blough,DET,QB,26,1,0,0,0,0,0,0,1,6,6.0,0,0,0,0,0.0,0,1,0,0,0,0,0.6,72,0,0.6,,inf,1
539,Miles Boykin,BAL,WR,25,8,0,0,0,0,0,0,0,0,0.0,0,1,1,6,6.0,0,0,0,0,0,0,1.6,221,0,0.2,1.0,1.6,1
540,Gary Brightwell,NYG,RB,22,13,0,0,0,0,0,0,1,4,4.0,0,1,1,6,6.0,0,0,0,0,0,0,2.0,158,0,0.2,1.0,2.0,2
541,Derek Carrier,LVR,TE,31,5,1,0,0,0,0,0,0,0,0.0,0,2,2,13,6.5,0,0,0,0,0,0,3.3,105,0,0.7,1.0,1.65,2
542,Keke Coutee,IND,WR,24,2,0,0,0,0,0,0,0,0,0.0,0,1,1,5,5.0,0,0,0,0,0,0,1.5,222,0,0.8,1.0,1.5,1
543,Damarea Crockett,DEN,RB,24,12,0,0,0,0,0,0,3,7,2.33,0,0,0,0,0.0,0,0,0,0,0,0,0.7,160,0,0.1,,inf,3
544,Frank Darby,ATL,WR,24,10,0,0,0,0,0,0,0,0,0.0,0,4,1,14,14.0,0,0,0,0,0,0,2.4,211,0,0.2,0.25,0.6,1
545,Sam Ehlinger,IND,QB,23,3,0,0,0,0,0,0,3,9,3.0,0,0,0,0,0.0,0,0,0,0,0,0,0.9,70,0,0.3,,inf,3
546,Ryan Fitzpatrick,WAS,QB,39,1,1,3,6,13,0,0,1,2,2.0,0,0,0,0,0.0,0,1,0,0,0,0,0.7,71,0,0.7,,inf,1
547,Jake Funk,LAR,RB,23,10,0,0,0,0,0,0,2,5,2.5,0,0,0,0,0.0,0,0,0,0,0,0,0.5,161,0,0.0,,inf,2
548,Marvin Hall,ATL,WR,28,2,0,0,0,0,0,0,0,0,0.0,0,1,1,10,10.0,0,0,0,0,0,0,2.0,218,0,1.0,1.0,2.0,1
549,Demetrius Harris,ARI,TE,30,14,4,0,0,0,0,0,0,0,0.0,0,6,3,10,3.33,0,0,0,0,0,0,4.0,108,0,0.3,0.5,0.6666666666666666,3
550,Brycen Hopkins,LAR,TE,24,5,0,0,0,0,0,0,0,0,0.0,0,1,1,9,9.0,0,0,0,0,0,0,1.9,109,0,0.4,1.0,1.9,1
551,Buddy Howell,LAR,RB,25,10,0,0,0,0,0,0,5,11,2.2,0,0,0,0,0.0,0,0,0,0,0,0,1.1,156,0,0.1,,inf,5
552,Andy Isabella,ARI,WR,25,8,0,0,0,0,0,0,0,0,0.0,0,1,1,13,13.0,0,0,0,0,0,0,2.3,214,0,0.3,1.0,2.3,1
553,John Kelly,CLE,RB,25,4,0,0,0,0,0,0,2,13,6.5,0,0,0,0,0.0,0,0,0,0,0,0,1.3,154,0,0.3,,inf,2
554,Tommylee Lewis,MIA,WR,29,2,0,0,0,0,0,0,0,0,0.0,0,2,1,7,7.0,0,0,0,0,0,0,1.7,220,0,0.8,0.5,0.85,1
555,Hunter Long,MIA,TE,23,7,2,0,0,0,0,0,0,0,0.0,0,3,1,8,8.0,0,0,0,0,0,0,1.8,111,0,0.3,0.3333333333333333,0.6,1
556,Anthony McFarland Jr.,PIT,RB,22,2,0,0,0,0,0,0,3,3,1.0,0,1,1,11,11.0,0,0,0,0,0,0,2.4,152,0,1.2,1.0,2.4,4
557,Kirk Merritt,MIA,WR,24,2,0,0,0,0,0,0,0,0,0.0,0,3,1,13,13.0,0,0,0,0,0,0,2.3,215,0,1.2,0.3333333333333333,0.7666666666666666,1
558,Jaydon Mickens,2TM,WR,27,11,0,0,0,0,0,0,0,0,0.0,0,3,2,10,5.0,0,1,0,0,0,0,3.0,219,0,0.3,0.6666666666666666,1.0,2
559,Stanley Morgan Jr.,CIN,WR,25,17,1,0,0,0,0,0,1,3,3.0,0,4,2,11,5.5,0,0,0,0,0,0,3.4,212,0,0.2,0.5,0.85,3
560,Johnny Mundt,LAR,TE,27,6,0,0,0,0,0,0,0,0,0.0,0,1,1,9,9.0,0,0,0,0,0,0,1.9,110,0,0.3,1.0,1.9,1
561,Ryan Nall,CHI,RB,26,9,0,0,0,0,0,0,1,4,4.0,0,1,1,4,4.0,0,0,0,0,0,0,1.8,159,0,0.2,1.0,1.8,2
562,Jacques Patrick,SFO,RB,24,2,0,0,0,0,0,0,2,12,6.0,0,0,0,0,0.0,0,0,0,0,0,0,1.2,155,0,0.6,,inf,2
563,Kevin Rader,PIT,TE,26,6,1,0,0,0,0,0,0,0,0.0,0,3,2,8,4.0,0,0,0,0,0,0,2.8,112,0,0.5,0.6666666666666666,0.9333333333333332,2
564,Richard Rodgers,PHI,TE,29,3,0,0,0,0,0,0,0,0,0.0,0,2,2,11,5.5,0,0,0,0,0,0,3.1,107,0,1.0,1.0,1.55,2
565,Mekhi Sargent,3TM,RB,24,7,0,0,0,0,0,0,5,11,2.2,0,1,0,0,0.0,0,0,0,0,0,0,1.1,157,0,0.2,0.0,1.1,5
566,C.J. Saunders,CAR,WR,25,2,0,0,0,0,0,0,0,0,0.0,0,2,2,11,5.5,0,0,0,0,0,0,3.1,216,0,1.6,1.0,1.55,2
567,Luke Stocker,MIN,TE,33,12,0,0,0,0,0,0,0,0,0.0,0,2,2,12,6.0,0,0,0,0,0,0,3.2,106,0,0.3,1.0,1.6,2
568,Eric Tomlinson,BAL,TE,29,17,7,0,0,0,0,0,0,0,0.0,0,1,1,7,7.0,0,0,0,0,0,0,1.7,114,0,0.1,1.0,1.7,1
569,Tyrell Williams,DET,WR,29,1,1,0,0,0,0,0,0,0,0.0,0,3,2,14,7.0,0,0,0,0,0,0,3.4,213,0,3.4,0.6666666666666666,1.1333333333333333,2
570,Easop Winston,NOR,WR,25,3,1,0,0,0,0,0,0,0,0.0,0,1,1,5,5.0,0,0,0,0,0,0,1.5,223,0,0.5,1.0,1.5,1
571,Ethan Wolf,NOR,TE,26,2,1,0,0,0,0,0,0,0,0.0,0,2,2,8,4.0,0,0,0,0,0,0,2.8,113,0,1.4,1.0,1.4,2
572,Josh Adams,NYJ,0,25,1,0,0,0,0,0,0,0,0,0.0,0,0,0,0,0.0,0,0,0,0,0,0,0.0,165,0,0.0,,,0
573,Rodney Adams,CHI,0,27,1,0,0,0,0,0,0,0,0,0.0,0,1,0,0,0.0,0,0,0,0,0,0,0.0,225,0,0.0,0.0,0.0,0
574,Geronimo Allison,DET,0,27,3,1,0,0,0,0,0,0,0,0.0,0,2,0,0,0.0,0,0,0,0,0,0,0.0,226,0,0.0,0.0,0.0,0
575,Devin Asiasi,NWE,0,24,1,0,0,0,0,0,0,0,0,0.0,0,0,0,0,0.0,0,0,0,0,0,0,0.0,116,0,0.0,,,0
576,Marcell Ateman,LVR,0,27,1,0,0,0,0,0,0,0,0,0.0,0,0,0,0,0.0,0,0,0,0,0,0,0.0,227,0,0.0,,,0
577,Tutu Atwell,LAR,0,22,8,0,0,0,0,0,0,0,0,0.0,0,0,0,0,0.0,0,1,0,0,0,0,0.0,228,0,0.0,,,0
578,Alex Bachman,NYG,WR,25,3,0,0,0,0,0,0,1,-3,-3.0,0,0,0,0,0.0,0,0,0,0,0,0,-0.3,257,0,-0.1,,-inf,1
579,Jake Bargas,MIN,0,25,1,0,0,0,0,0,0,0,0,0.0,0,0,0,0,0.0,0,0,0,0,0,0,0.0,166,0,0.0,,,0
580,Kenjon Barner,TAM,RB,32,3,0,0,0,0,0,0,4,0,0.0,0,0,0,0,0.0,0,0,0,0,0,0,0.0,167,0,0.0,,,4
581,Andrew Beck,DEN,0,25,12,0,0,0,0,0,0,0,0,0.0,0,0,0,0,0.0,0,0,0,0,0,0,0.0,117,0,0.0,,,0
582,Nick Bellore,SEA,RB,32,17,0,0,0,0,0,0,0,0,0.0,0,1,1,4,4.0,0,0,0,0,0,0,1.4,162,0,0.1,1.0,1.4,1
583,Kurt Benkert,GNB,QB,26,1,0,0,0,0,0,0,2,-1,-0.5,0,0,0,0,0.0,0,0,0,0,0,0,-0.1,78,0,-0.1,,-inf,2
584,Rashod Berry,DET,0,25,5,0,0,0,0,0,0,0,0,0.0,0,0,0,0,0.0,0,0,0,0,0,0,0.0,118,0,0.0,,,0
585,Nick Boyle,BAL,TE,28,5,3,0,0,0,0,0,0,0,0.0,0,2,1,2,2.0,0,0,0,0,0,0,1.2,115,0,0.2,0.5,0.6,1
586,Darius Bradwell,LAC,0,24,2,0,0,0,0,0,0,0,0,0.0,0,1,0,0,0.0,0,0,0,0,0,0,0.0,168,0,0.0,0.0,0.0,0
587,John Brown,3TM,0,31,4,0,0,0,0,0,0,0,0,0.0,0,3,0,0,0.0,0,0,0,0,0,0,0.0,229,0,0.0,0.0,0.0,0
588,Deante Burton,DAL,0,27,1,0,0,0,0,0,0,0,0,0.0,0,0,0,0,0.0,0,0,0,0,0,0,0.0,230,0,0.0,,,0
589,Lawrence Cager,CLE,0,24,1,0,0,0,0,0,0,0,0,0.0,0,0,0,0,0.0,0,0,0,0,0,0,0.0,231,0,0.0,,,0
590,Stephen Carlson,CLE,0,25,2,0,0,0,0,0,0,0,0,0.0,0,0,0,0,0.0,0,0,0,0,0,0,0.0,119,0,0.0,,,0
591,Dan Chisena,MIN,0,24,11,0,0,0,0,0,0,0,0,0.0,0,0,0,0,0.0,0,0,0,0,0,0,0.0,232,0,0.0,,,0
592,Tyrie Cleveland,DEN,0,24,7,0,0,0,0,0,0,0,0,0.0,0,1,0,0,0.0,0,0,0,0,0,0,0.0,233,0,0.0,0.0,0.0,0
593,Matt Cole,CAR,0,25,1,0,0,0,0,0,0,0,0,0.0,0,0,0,0,0.0,0,0,0,0,0,0,0.0,234,0,0.0,,,0
594,Nathan Cottrell,JAX,RB,25,4,0,0,0,0,0,0,1,3,3.0,0,0,0,0,0.0,0,0,0,0,0,0,0.3,164,0,0.1,,inf,1
595,Isaiah Coulter,CHI,0,23,3,0,0,0,0,0,0,0,0,0.0,0,1,0,0,0.0,0,0,0,0,0,0,0.0,235,0,0.0,0.0,0.0,0
596,River Cracraft,SFO,0,27,6,0,0,0,0,0,0,0,0,0.0,0,0,0,0,0.0,0,0,0,0,0,0,0.0,236,0,0.0,,,0
597,Chase Daniel,LAC,QB,35,1,0,0,0,0,0,0,2,-2,-1.0,0,0,0,0,0.0,0,0,0,0,0,0,-0.2,79,0,-0.2,,-inf,2
598,Darrell Daniels,ARI,TE,27,15,4,0,0,0,0,0,0,0,0.0,0,4,1,0,0.0,0,0,0,0,0,0,1.0,120,0,0.1,0.25,0.25,1
599,Connor Davis,CLE,0,27,1,0,0,0,0,0,0,0,0,0.0,0,0,0,0,0.0,0,0,0,0,0,0,0.0,121,0,0.0,,,0
600,Brandon Dillon,MIN,0,24,1,0,0,0,0,0,0,0,0,0.0,0,0,0,0,0.0,0,0,0,0,0,0,0.0,122,0,0.0,,,0
601,Jeff Driskel,HOU,0,28,1,0,0,0,0,0,0,0,0,0.0,0,0,0,0,0.0,0,0,0,0,0,0,0.0,75,0,0.0,,,0
602,Trey Edmunds,PIT,0,27,2,0,0,0,0,0,0,0,0,0.0,0,0,0,0,0.0,0,0,0,0,0,0,0.0,169,0,0.0,,,0
603,Ben Ellefson,MIN,0,25,5,0,0,0,0,0,0,0,0,0.0,0,1,0,0,0.0,0,0,0,0,0,0,0.0,123,0,0.0,0.0,0.0,0
604,Simi Fehoko,DAL,0,24,5,0,0,0,0,0,0,0,0,0.0,0,0,0,0,0.0,0,0,0,0,0,0,0.0,237,0,0.0,,,0
605,Maurice Ffrench,LAC,WR,23,3,0,0,0,0,0,0,1,3,3.0,0,0,0,0,0.0,0,0,0,0,0,0,0.3,224,0,0.1,,inf,1
606,Daurice Fountain,KAN,0,26,2,0,0,0,0,0,0,0,0,0.0,0,0,0,0,0.0,0,0,0,0,0,0,0.0,238,0,0.0,,,0
607,Travis Fulgham,DEN,0,26,1,0,0,0,0,0,0,0,0,0.0,0,0,0,0,0.0,0,0,0,0,0,0,0.0,239,0,0.0,,,0
608,Antonio Gandy-Golden,WAS,0,23,4,0,0,0,0,0,0,0,0,0.0,0,0,0,0,0.0,0,0,0,0,0,0,0.0,240,0,0.0,,,0
609,Cullen Gillaspia,NYG,0,26,15,0,0,0,0,0,0,0,0,0.0,0,0,0,0,0.0,0,0,0,0,0,0,0.0,170,0,0.0,,,0
610,Justin Hardee,NYJ,0,27,16,0,0,0,0,0,0,0,0,0.0,0,0,0,0,0.0,0,0,0,0,0,0,0.0,241,0,0.0,,,0
611,Clark Harris,CIN,0,37,17,0,0,0,0,0,0,0,0,0.0,0,0,0,0,0.0,0,0,0,0,0,0,0.0,124,0,0.0,,,0
612,De'Michael Harris,IND,0,23,3,0,0,0,0,0,0,0,0,0.0,0,0,0,0,0.0,0,0,0,0,0,0,0.0,242,0,0.0,,,0
613,Jacob Harris,LAR,0,24,9,0,0,0,0,0,0,0,0,0.0,0,0,0,0,0.0,0,0,0,0,0,0,0.0,125,0,0.0,,,0
614,Daniel Helm,LVR,TE,26,9,1,0,0,0,0,0,0,0,0.0,0,2,1,-1,-1.0,0,0,0,0,0,0,0.9,144,0,0.1,0.5,0.45,1
615,Temarrick Hemingway,WAS,0,28,2,1,0,0,0,0,0,0,0,0.0,0,0,0,0,0.0,0,0,0,0,0,0,0.0,126,0,0.0,,,0
616,John Hightower,PHI,0,25,1,0,0,0,0,0,0,0,0,0.0,0,0,0,0,0.0,0,1,0,0,0,0,0.0,244,0,0.0,,,0
617,Brian Hill,SFO,0,26,3,0,0,0,0,0,0,0,0,0.0,0,0,0,0,0.0,0,0,0,0,0,0,0.0,171,0,0.0,,,0
618,Kevin Hogan,TEN,0,29,1,0,0,0,0,0,0,0,0,0.0,0,0,0,0,0.0,0,0,0,0,0,0,0.0,76,0,0.0,,,0
619,J.P. Holtz,CHI,0,28,13,0,0,0,0,0,0,0,0,0.0,0,0,0,0,0.0,0,0,0,0,0,0,0.0,127,0,0.0,,,0
620,Tanner Hudson,SFO,0,27,2,0,0,0,0,0,0,0,0,0.0,0,0,0,0,0.0,0,0,0,0,0,0,0.0,128,0,0.0,,,0
621,Ryan Izzo,TEN,0,26,1,0,0,0,0,0,0,0,0,0.0,0,0,0,0,0.0,0,0,0,0,0,0,0.0,129,0,0.0,,,0
622,Kerryon Johnson,SFO,0,24,1,0,0,0,0,0,0,0,0,0.0,0,0,0,0,0.0,0,0,0,0,0,0,0.0,172,0,0.0,,,0
623,KeeSean Johnson,PHI,0,25,0,0,0,0,0,0,0,0,0,0.0,0,0,0,0,0.0,0,0,0,0,0,0,0.0,262,0,,,,0
624,Taiwan Jones,BUF,0,33,17,0,0,0,0,0,0,0,0,0.0,0,0,0,0,0.0,0,0,0,0,0,0,0.0,173,0,0.0,,,0
625,Matt LaCosse,NWE,0,29,1,0,0,0,0,0,0,0,0,0.0,0,0,0,0,0.0,0,0,0,0,0,0,0.0,130,0,0.0,,,0
626,Tyler Mabry,SEA,0,25,6,0,0,0,0,0,0,0,0,0.0,0,0,0,0,0.0,0,0,0,0,0,0,0.0,131,0,0.0,,,0
627,Jordan Matthews,SFO,0,29,1,0,0,0,0,0,0,0,0,0.0,0,0,0,0,0.0,0,0,0,0,0,0,0.0,245,0,0.0,,,0
628,Nate McCrary,BAL,RB,22,1,0,0,0,0,0,0,1,-1,-1.0,0,0,0,0,0.0,0,0,0,0,0,0,-0.1,177,0,-0.1,,-inf,1
629,Codey McElroy,TAM,0,29,2,0,0,0,0,0,0,0,0,0.0,0,1,0,0,0.0,0,0,0,0,0,0,0.0,246,0,0.0,0.0,0.0,0
630,Kellen Mond,MIN,QB,22,1,0,2,3,5,0,0,0,0,0.0,0,0,0,0,0.0,0,0,0,0,0,0,0.2,73,0,0.2,,inf,0
631,David Moore,2TM,0,26,3,0,0,0,0,0,0,0,0,0.0,0,2,0,0,0.0,0,0,0,0,0,0,0.0,247,0,0.0,0.0,0.0,0
632,Jojo Natson,CLE,0,27,3,0,0,0,0,0,0,0,0,0.0,0,0,0,0,0.0,0,0,0,0,0,0,0.0,248,0,0.0,,,0
633,Matthew Orzech,LAR,0,26,17,0,0,0,0,0,0,0,0,0.0,0,0,0,0,0.0,0,1,0,0,0,0,0.0,132,0,0.0,,,0
634,Devine Ozigbo,2TM,RB,25,3,0,0,0,0,0,0,1,-3,-3.0,0,1,1,7,7.0,0,0,0,0,0,0,1.4,163,0,0.5,1.0,1.4,2
635,Nathan Peterman,LVR,QB,27,1,0,0,0,0,0,0,2,2,1.0,0,0,0,0,0.0,0,0,0,0,0,0,0.2,74,0,0.2,,inf,2
636,Artavis Pierce,CHI,0,25,1,0,0,0,0,0,0,0,0,0.0,0,0,0,0,0.0,0,0,0,0,0,0,0.0,174,0,0.0,,,0
637,Giovanni Ricci,CAR,0,25,16,1,0,0,0,0,0,0,0,0.0,0,2,0,0,0.0,0,0,0,0,0,0,0.0,133,0,0.0,0.0,0.0,0
638,Brett Rypien,DEN,QB,25,1,0,0,2,0,0,0,0,0,0.0,0,0,0,0,0.0,0,0,0,0,0,0,0.0,77,0,0.0,,,0
639,Jordan Scarlett,MIA,0,25,1,0,0,0,0,0,0,0,0,0.0,0,0,0,0,0.0,0,0,0,0,0,0,0.0,175,0,0.0,,,0
640,Mason Schreck,CIN,0,28,1,0,0,0,0,0,0,0,0,0.0,0,0,0,0,0.0,0,0,0,0,0,0,0.0,134,0,0.0,,,0
641,Steven Sims,PIT,0,24,1,0,0,0,0,0,0,0,0,0.0,0,0,0,0,0.0,0,0,0,0,0,0,0.0,249,0,0.0,,,0
642,Matthew Slater,NWE,0,36,17,0,0,0,0,0,0,0,0,0.0,0,0,0,0,0.0,0,0,0,0,0,0,0.0,250,0,0.0,,,0
643,Devin Smith,JAX,0,29,4,0,0,0,0,0,0,0,0,0.0,0,1,0,0,0.0,0,0,0,0,0,0,0.0,251,0,0.0,0.0,0.0,0
644,Vyncint Smith,NYJ,0,25,2,0,0,0,0,0,0,0,0,0.0,0,1,0,0,0.0,0,0,0,0,0,0,0.0,252,0,0.0,0.0,0.0,0
645,Nate Solder,NYG,0,33,16,16,0,0,0,0,0,0,0,0.0,0,0,0,0,0.0,0,0,0,0,0,0,0.0,135,0,0.0,,,0
646,Stephen Sullivan,CAR,0,25,3,0,0,0,0,0,0,0,0,0.0,0,1,0,0,0.0,0,0,0,0,0,0,0.0,136,0,0.0,0.0,0.0,0
647,Tyrone Swoopes,WAS,0,27,1,0,0,0,0,0,0,0,0,0.0,0,0,0,0,0.0,0,0,0,0,0,0,0.0,137,0,0.0,,,0
648,Colin Thompson,CAR,0,28,11,2,0,0,0,0,0,0,0,0.0,0,1,0,0,0.0,0,0,0,0,0,0,0.0,138,0,0.0,0.0,0.0,0
649,Cody Thompson,SEA,0,25,5,0,0,0,0,0,0,0,0,0.0,0,0,0,0,0.0,0,0,0,0,0,0,0.0,253,0,0.0,,,0
650,Noah Togiai,PHI,0,24,1,0,0,0,0,0,0,0,0,0.0,0,0,0,0,0.0,0,0,0,0,0,0,0.0,139,0,0.0,,,0
651,Ross Travis,2TM,0,28,4,1,0,0,0,0,0,0,0,0.0,0,0,0,0,0.0,0,0,0,0,0,0,0.0,140,0,0.0,,,0
652,Jordan Veasy,HOU,0,26,2,0,0,0,0,0,0,0,0,0.0,0,0,0,0,0.0,0,0,0,0,0,0,0.0,254,0,0.0,,,0
653,Kahale Warring,2TM,0,24,2,0,0,0,0,0,0,0,0,0.0,0,0,0,0,0.0,0,0,0,0,0,0,0.0,141,0,0.0,,,0
654,Justin Watson,TAM,0,25,1,0,0,0,0,0,0,0,0,0.0,0,0,0,0,0.0,0,0,0,0,0,0,0.0,255,0,0.0,,,0
655,Davis Webb,BUF,QB,26,1,0,0,0,0,0,0,2,-3,-1.5,0,0,0,0,0.0,0,0,0,0,0,0,-0.3,80,0,-0.3,,-inf,2
656,Nsimba Webster,CHI,0,25,6,0,0,0,0,0,0,0,0,0.0,0,0,0,0,0.0,0,1,0,0,0,0,0.0,256,0,0.0,,,0
657,David Wells,ARI,0,26,3,1,0,0,0,0,0,0,0,0.0,0,0,0,0,0.0,0,0,0,0,0,0,0.0,142,0,0.0,,,0
658,Jordan Wilkins,2TM,0,27,5,0,0,0,0,0,0,0,0,0.0,0,0,0,0,0.0,0,0,0,0,0,0,0.0,176,0,0.0,,,0
659,Deon Yelder,TAM,TE,26,5,0,0,0,0,0,0,0,0,0.0,0,1,1,0,0.0,0,0,0,0,0,0,1.0,143,0,0.2,1.0,1.0,1
660,Khari Blasingame,TEN,RB,25,11,3,0,0,0,0,0,3,6,2.0,0,2,2,4,2.0,0,1,1,0,0,0,1.0,178,0,0.1,1.0,0.5,5
661,Jacob Eason,IND,QB,24,1,0,2,5,25,0,1,0,0,0.0,0,0,0,0,0.0,0,0,0,0,0,0,-1.0,82,0,-1.0,,-inf,0
662,Feleipe Franks,ATL,QB,24,9,0,0,1,0,0,1,3,6,2.0,0,0,0,0,0.0,0,0,0,0,0,0,-1.4,83,0,-0.2,,-inf,3
663,Racey McMath,TEN,WR,22,9,0,0,0,0,0,0,0,0,0.0,0,6,2,8,4.0,0,1,1,0,0,0,0.8,259,0,0.1,0.3333333333333333,0.13333333333333333,2
664,Malik Taylor,GNB,WR,26,10,0,0,0,0,0,0,0,0,0.0,0,3,2,14,7.0,0,1,1,0,0,0,1.4,258,0,0.1,0.6666666666666666,0.4666666666666666,2
665,Logan Woodside,TEN,QB,26,5,0,0,0,0,0,0,6,-6,-1.0,0,0,0,0,0.0,0,0,0,0,0,0,-0.6,81,0,-0.1,,-inf,6
666,Travis Benjamin,SFO,0,32,10,0,0,0,0,0,0,0,0,0.0,0,5,0,0,0.0,0,1,1,0,0,0,-2.0,260,0,-0.2,0.0,-0.4,0
667,Trenton Cannon,2TM,RB,27,12,0,0,0,0,0,0,3,4,1.33,0,0,0,0,0.0,0,1,1,0,0,0,-1.6,179,0,-0.1,,-inf,3
668,John Wolford,LAR,QB,26,3,0,1,4,5,0,1,2,-1,-0.5,0,0,0,0,0.0,0,0,0,0,0,0,-1.9,84,0,-0.6,,-inf,2
669,Josh Rosen,ATL,QB,24,4,0,2,11,19,0,2,0,0,0.0,0,0,0,0,0.0,0,0,0,0,0,0,-3.2,85,0,-0.8,,-inf,0
670,Diontae Spencer,DEN,WR,29,15,0,0,0,0,0,0,0,0,0.0,0,4,1,-3,-3.0,0,2,2,0,0,0,-3.3,261,0,-0.2,0.25,-0.825,1
